state,city
Andaman and Nicobar Islands,Bamboo Flat
Andaman and Nicobar Islands,Nicobar
Andaman and Nicobar Islands,Port Blair
Andaman and Nicobar Islands,South Andaman
Andhra Pradesh,Addanki
Andhra Pradesh,Adoni
Andhra Pradesh,Akasahebpet
Andhra Pradesh,Akividu
Andhra Pradesh,Akkarampalle
Andhra Pradesh,Amalapuram
Andhra Pradesh,Amudalavalasa
Andhra Pradesh,Anakapalle
Andhra Pradesh,Anantapur
Andhra Pradesh,Atmakur
Andhra Pradesh,Attili
Andhra Pradesh,Avanigadda
Andhra Pradesh,Badvel
Andhra Pradesh,Banganapalle
Andhra Pradesh,Bapatla
Andhra Pradesh,Betamcherla
Andhra Pradesh,Bhattiprolu
Andhra Pradesh,Bhimavaram
Andhra Pradesh,Bhimunipatnam
Andhra Pradesh,Bobbili
Andhra Pradesh,Challapalle
Andhra Pradesh,Chemmumiahpet
Andhra Pradesh,Chilakalurupet
Andhra Pradesh,Chinnachowk
Andhra Pradesh,Chipurupalle
Andhra Pradesh,Chirala
Andhra Pradesh,Chittoor
Andhra Pradesh,Chodavaram
Andhra Pradesh,Cuddapah
Andhra Pradesh,Cumbum
Andhra Pradesh,Darsi
Andhra Pradesh,Dharmavaram
Andhra Pradesh,Dhone
Andhra Pradesh,Diguvametta
Andhra Pradesh,East Godavari
Andhra Pradesh,Elamanchili
Andhra Pradesh,Ellore
Andhra Pradesh,Emmiganur
Andhra Pradesh,Erraguntla
Andhra Pradesh,Etikoppaka
Andhra Pradesh,Gajuwaka
Andhra Pradesh,Ganguvada
Andhra Pradesh,Gannavaram
Andhra Pradesh,Giddalur
Andhra Pradesh,Gokavaram
Andhra Pradesh,Gorantla
Andhra Pradesh,"Govindapuram,Chilakaluripet,Guntur"
Andhra Pradesh,Gudivada
Andhra Pradesh,Gudlavalleru
Andhra Pradesh,Gudur
Andhra Pradesh,Guntakal Junction
Andhra Pradesh,Guntur
Andhra Pradesh,Hindupur
Andhra Pradesh,Ichchapuram
Andhra Pradesh,Jaggayyapeta
Andhra Pradesh,Jammalamadugu
Andhra Pradesh,Kadiri
Andhra Pradesh,Kaikalur
Andhra Pradesh,Kakinada
Andhra Pradesh,Kalyandurg
Andhra Pradesh,Kamalapuram
Andhra Pradesh,Kandukur
Andhra Pradesh,Kanigiri
Andhra Pradesh,Kankipadu
Andhra Pradesh,Kanuru
Andhra Pradesh,Kavali
Andhra Pradesh,Kolanukonda
Andhra Pradesh,Kondapalle
Andhra Pradesh,Korukollu
Andhra Pradesh,Kosigi
Andhra Pradesh,Kovvur
Andhra Pradesh,Krishna
Andhra Pradesh,Kuppam
Andhra Pradesh,Kurnool
Andhra Pradesh,Macherla
Andhra Pradesh,Machilipatnam
Andhra Pradesh,Madanapalle
Andhra Pradesh,Madugula
Andhra Pradesh,Mandapeta
Andhra Pradesh,Mandasa
Andhra Pradesh,Mangalagiri
Andhra Pradesh,Markapur
Andhra Pradesh,Nagari
Andhra Pradesh,Nagireddipalli
Andhra Pradesh,Nandigama
Andhra Pradesh,Nandikotkur
Andhra Pradesh,Nandyal
Andhra Pradesh,Narasannapeta
Andhra Pradesh,Narasapur
Andhra Pradesh,Narasaraopet
Andhra Pradesh,Narasingapuram
Andhra Pradesh,Narayanavanam
Andhra Pradesh,Narsipatnam
Andhra Pradesh,Nayudupet
Andhra Pradesh,Nellore
Andhra Pradesh,Nidadavole
Andhra Pradesh,Nuzvid
Andhra Pradesh,Ongole
Andhra Pradesh,Pakala
Andhra Pradesh,Palakollu
Andhra Pradesh,Palasa
Andhra Pradesh,Palkonda
Andhra Pradesh,Pallevada
Andhra Pradesh,Palmaner
Andhra Pradesh,Parlakimidi
Andhra Pradesh,Parvatipuram
Andhra Pradesh,Pavuluru
Andhra Pradesh,Pedana
Andhra Pradesh,Peddapuram
Andhra Pradesh,Penugonda
Andhra Pradesh,Penukonda
Andhra Pradesh,Phirangipuram
Andhra Pradesh,Pippara
Andhra Pradesh,Pithapuram
Andhra Pradesh,Polavaram
Andhra Pradesh,Ponnur
Andhra Pradesh,Ponnuru
Andhra Pradesh,Prakasam
Andhra Pradesh,Proddatur
Andhra Pradesh,Pulivendla
Andhra Pradesh,Punganuru
Andhra Pradesh,Puttaparthi
Andhra Pradesh,Puttur
Andhra Pradesh,Rajahmundry
Andhra Pradesh,Ramachandrapuram
Andhra Pradesh,Ramanayyapeta
Andhra Pradesh,Ramapuram
Andhra Pradesh,Rampachodavaram
Andhra Pradesh,Rayachoti
Andhra Pradesh,Rayadrug
Andhra Pradesh,Razam
Andhra Pradesh,Razampeta
Andhra Pradesh,Razole
Andhra Pradesh,Renigunta
Andhra Pradesh,Repalle
Andhra Pradesh,Salur
Andhra Pradesh,Samalkot
Andhra Pradesh,Sattenapalle
Andhra Pradesh,Singarayakonda
Andhra Pradesh,Sompeta
Andhra Pradesh,Srikakulam
Andhra Pradesh,Srisailain
Andhra Pradesh,Suluru
Andhra Pradesh,Tadepalle
Andhra Pradesh,Tadepallegudem
Andhra Pradesh,Tadpatri
Andhra Pradesh,Tanuku
Andhra Pradesh,Tekkali
Andhra Pradesh,Tirumala
Andhra Pradesh,Tirupati
Andhra Pradesh,Tuni
Andhra Pradesh,Uravakonda
Andhra Pradesh,Vadlapudi
Andhra Pradesh,Venkatagiri
Andhra Pradesh,Vepagunta
Andhra Pradesh,Vetapalem
Andhra Pradesh,Vijayawada
Andhra Pradesh,Vinukonda
Andhra Pradesh,Visakhapatnam
Andhra Pradesh,Vizianagaram
Andhra Pradesh,Vizianagaram District
Andhra Pradesh,Vuyyuru
Andhra Pradesh,West Godavari
Andhra Pradesh,Yanam
Andhra Pradesh,Yanamalakuduru
Andhra Pradesh,Yarada
Andhra Pradesh,pedda nakkalapalem
Andhra Pradesh,vadlamuru
Arunachal Pradesh,Along
Arunachal Pradesh,Anjaw
Arunachal Pradesh,Basar
Arunachal Pradesh,Bomdila
Arunachal Pradesh,Changlang
Arunachal Pradesh,Dibang Valley
Arunachal Pradesh,East Kameng
Arunachal Pradesh,East Siang
Arunachal Pradesh,Hayuliang
Arunachal Pradesh,Itanagar
Arunachal Pradesh,Khonsa
Arunachal Pradesh,Kurung Kumey
Arunachal Pradesh,Lohit District
Arunachal Pradesh,Lower Dibang Valley
Arunachal Pradesh,Lower Subansiri
Arunachal Pradesh,Margherita
Arunachal Pradesh,Naharlagun
Arunachal Pradesh,Pasighat
Arunachal Pradesh,Tawang
Arunachal Pradesh,Tezu
Arunachal Pradesh,Tirap
Arunachal Pradesh,Upper Siang
Arunachal Pradesh,Upper Subansiri
Arunachal Pradesh,West Kameng
Arunachal Pradesh,West Siang
Arunachal Pradesh,Ziro
Assam,Abhayapuri
Assam,Amguri
Assam,Badarpur
Assam,Baksa
Assam,Barpathar
Assam,Barpeta
Assam,Barpeta Road
Assam,Basugaon
Assam,Bihpuriagaon
Assam,Bijni
Assam,Bilasipara
Assam,Bokajan
Assam,Bokakhat
Assam,Bongaigaon
Assam,Cachar
Assam,Chabua
Assam,Chapar
Assam,Chirang
Assam,Darrang
Assam,Dergaon
Assam,Dhekiajuli
Assam,Dhemaji
Assam,Dhing
Assam,Dhubri
Assam,Dibrugarh
Assam,Digboi
Assam,Dima Hasao District
Assam,Diphu
Assam,Dispur
Assam,Duliagaon
Assam,Dum Duma
Assam,Gauripur
Assam,Goalpara
Assam,Gohpur
Assam,Golaghat
Assam,Golakganj
Assam,Goshaingaon
Assam,Guwahati
Assam,Haflong
Assam,Hailakandi
Assam,Hajo
Assam,Hojai
Assam,Howli
Assam,Jogighopa
Assam,Jorhat
Assam,Kamrup
Assam,Kamrup Metropolitan
Assam,Karbi Anglong
Assam,Karimganj
Assam,Kharupatia
Assam,Kokrajhar
Assam,Lakhimpur
Assam,Lakhipur
Assam,Lala
Assam,Lumding Railway Colony
Assam,Mahur
Assam,Maibong
Assam,Makum
Assam,Mangaldai
Assam,Mariani
Assam,Moranha
Assam,Morigaon
Assam,Nagaon
Assam,Nahorkatiya
Assam,Nalbari
Assam,Namrup
Assam,Nazira
Assam,North Guwahati
Assam,North Lakhimpur
Assam,Numaligarh
Assam,Palasbari
Assam,Raha
Assam,Rangapara
Assam,Rangia
Assam,Sapatgram
Assam,Sarupathar
Assam,Sibsagar
Assam,Silapathar
Assam,Silchar
Assam,Soalkuchi
Assam,Sonari
Assam,Sonitpur
Assam,Sorbhog
Assam,Tezpur
Assam,Tinsukia
Assam,Titabar
Assam,Udalguri
Bihar,Amarpur
Bihar,Araria
Bihar,Arrah
Bihar,Arwal
Bihar,Asarganj
Bihar,Aurangabad
Bihar,Bagaha
Bihar,Bahadurganj
Bihar,Bairagnia
Bihar,Baisi
Bihar,Bakhtiyarpur
Bihar,Bangaon
Bihar,Banka
Bihar,Banmankhi
Bihar,Bar Bigha
Bihar,Barauli
Bihar,Barh
Bihar,Barhiya
Bihar,Bariarpur
Bihar,Baruni
Bihar,Begusarai
Bihar,Belsand
Bihar,Bettiah
Bihar,Bhabhua
Bihar,Bhagalpur
Bihar,Bhagirathpur
Bihar,Bhawanipur
Bihar,Bhojpur
Bihar,Bihar Sharif
Bihar,Bihariganj
Bihar,Bikramganj
Bihar,Birpur
Bihar,Buddh Gaya
Bihar,Buxar
Bihar,Chakia
Bihar,Chapra
Bihar,Chhatapur
Bihar,Colgong
Bihar,Dalsingh Sarai
Bihar,Darbhanga
Bihar,Daudnagar
Bihar,Dehri
Bihar,Dhaka
Bihar,Dighwara
Bihar,Dinapore
Bihar,Dumra
Bihar,Dumraon
Bihar,Fatwa
Bihar,Forbesganj
Bihar,Gaya
Bihar,Ghoga
Bihar,Gopalganj
Bihar,Hajipur
Bihar,Hilsa
Bihar,Hisua
Bihar,Islampur
Bihar,Jagdispur
Bihar,Jahanabad
Bihar,Jamalpur
Bihar,Jamui
Bihar,Jaynagar
Bihar,Jehanabad
Bihar,Jha-Jha
Bihar,Jhanjharpur
Bihar,Jogbani
Bihar,Kaimur District
Bihar,Kasba
Bihar,Katihar
Bihar,Khagaria
Bihar,Khagaul
Bihar,Kharagpur
Bihar,Khusropur
Bihar,Kishanganj
Bihar,Koath
Bihar,Koelwar
Bihar,Lakhisarai
Bihar,Lalganj
Bihar,Luckeesarai
Bihar,Madhepura
Bihar,Madhipura
Bihar,Madhubani
Bihar,Maharajgani
Bihar,Mairwa
Bihar,Maner
Bihar,Manihari
Bihar,Marhaura
Bihar,Masaurhi Buzurg
Bihar,Mohiuddinnagar
Bihar,Mokameh
Bihar,Monghyr
Bihar,Mothihari
Bihar,Munger
Bihar,Murliganj
Bihar,Muzaffarpur
Bihar,Nabinagar
Bihar,Nalanda
Bihar,Nasriganj
Bihar,Naugachhia
Bihar,Nawada
Bihar,Nirmali
Bihar,Pashchim Champaran
Bihar,Patna
Bihar,Piro
Bihar,Pupri
Bihar,Purba Champaran
Bihar,Purnia
Bihar,Rafiganj
Bihar,Raghunathpur
Bihar,Rajgir
Bihar,Ramnagar
Bihar,Raxaul
Bihar,Revelganj
Bihar,Rohtas
Bihar,Rusera
Bihar,Sagauli
Bihar,Saharsa
Bihar,Samastipur
Bihar,Saran
Bihar,Shahbazpur
Bihar,Shahpur
Bihar,Sheikhpura
Bihar,Sheohar
Bihar,Sherghati
Bihar,Silao
Bihar,Sitamarhi
Bihar,Siwan
Bihar,Supaul
Bihar,Teghra
Bihar,Tekari
Bihar,Thakurganj
Bihar,Vaishali
Bihar,Waris Aliganj
Chandigarh,Chandigarh
Chhattisgarh,Akaltara
Chhattisgarh,Ambagarh Chauki
Chhattisgarh,Ambikapur
Chhattisgarh,Arang
Chhattisgarh,Baikunthpur
Chhattisgarh,Balod
Chhattisgarh,Baloda
Chhattisgarh,Baloda Bazar
Chhattisgarh,Basna
Chhattisgarh,Bastar
Chhattisgarh,Bemetara
Chhattisgarh,Bhanpuri
Chhattisgarh,Bhatapara
Chhattisgarh,Bhatgaon
Chhattisgarh,Bhilai
Chhattisgarh,Bijapur
Chhattisgarh,Bilaspur
Chhattisgarh,Champa
Chhattisgarh,Chhuikhadan
Chhattisgarh,Deori
Chhattisgarh,Dhamtari
Chhattisgarh,Dongargaon
Chhattisgarh,Dongargarh
Chhattisgarh,Durg
Chhattisgarh,Gandai
Chhattisgarh,Gariaband
Chhattisgarh,Gaurela
Chhattisgarh,Gharghoda
Chhattisgarh,Gidam
Chhattisgarh,Jagdalpur
Chhattisgarh,Janjgir
Chhattisgarh,Janjgir-Champa
Chhattisgarh,Jashpur
Chhattisgarh,Jashpurnagar
Chhattisgarh,Junagarh
Chhattisgarh,Kabeerdham
Chhattisgarh,Kanker
Chhattisgarh,Katghora
Chhattisgarh,Kawardha
Chhattisgarh,Khairagarh
Chhattisgarh,Khamharia
Chhattisgarh,Kharod
Chhattisgarh,Kharsia
Chhattisgarh,Kirandul
Chhattisgarh,Kondagaon
Chhattisgarh,Korba
Chhattisgarh,Koriya
Chhattisgarh,Kota
Chhattisgarh,Kotaparh
Chhattisgarh,Kumhari
Chhattisgarh,Kurud
Chhattisgarh,Lormi
Chhattisgarh,Mahasamund
Chhattisgarh,Mungeli
Chhattisgarh,Narayanpur
Chhattisgarh,Narharpur
Chhattisgarh,Pandaria
Chhattisgarh,Pandatarai
Chhattisgarh,Pasan
Chhattisgarh,Patan
Chhattisgarh,Pathalgaon
Chhattisgarh,Pendra
Chhattisgarh,Pithora
Chhattisgarh,Raigarh
Chhattisgarh,Raipur
Chhattisgarh,Raj Nandgaon
Chhattisgarh,Raj-Nandgaon
Chhattisgarh,Ramanuj Ganj
Chhattisgarh,Ratanpur
Chhattisgarh,Sakti
Chhattisgarh,Saraipali
Chhattisgarh,Sarangarh
Chhattisgarh,Seorinarayan
Chhattisgarh,Simga
Chhattisgarh,Surguja
Chhattisgarh,Takhatpur
Chhattisgarh,Umarkot
Chhattisgarh,Uttar Bastar Kanker
Dadra and Nagar Haveli and Daman and Diu,Amli
Dadra and Nagar Haveli and Daman and Diu,Dadra
Dadra and Nagar Haveli and Daman and Diu,Dadra & Nagar Haveli
Dadra and Nagar Haveli and Daman and Diu,Daman
Dadra and Nagar Haveli and Daman and Diu,Daman District
Dadra and Nagar Haveli and Daman and Diu,Diu
Dadra and Nagar Haveli and Daman and Diu,Silvassa
Delhi,Alipur
Delhi,Bawana
Delhi,Central Delhi
Delhi,Delhi
Delhi,Deoli
Delhi,East Delhi
Delhi,Karol Bagh
Delhi,Najafgarh
Delhi,Nangloi Jat
Delhi,Narela
Delhi,New Delhi
Delhi,North Delhi
Delhi,North East Delhi
Delhi,North West Delhi
Delhi,Pitampura
Delhi,Rohini
Delhi,South Delhi
Delhi,South West Delhi
Delhi,West Delhi
Goa,Aldona
Goa,Arambol
Goa,Baga
Goa,Bambolim
Goa,Bandora
Goa,Benaulim
Goa,Calangute
Goa,Candolim
Goa,Carapur
Goa,Cavelossim
Goa,Chicalim
Goa,Chinchinim
Goa,Colovale
Goa,Colva
Goa,Cortalim
Goa,Cuncolim
Goa,Curchorem
Goa,Curti
Goa,Davorlim
Goa,Dicholi
Goa,Goa Velha
Goa,Guirim
Goa,Jua
Goa,Kankon
Goa,Madgaon
Goa,Mapuca
Goa,Morjim
Goa,Mormugao
Goa,Navelim
Goa,North Goa
Goa,Palle
Goa,Panaji
Goa,Pernem
Goa,Ponda
Goa,Quepem
Goa,Queula
Goa,Raia
Goa,Saligao
Goa,Sancoale
Goa,Sanguem
Goa,Sanquelim
Goa,Sanvordem
Goa,Serula
Goa,Solim
Goa,South Goa
Goa,Taleigao
Goa,Vagator
Goa,Valpoy
Goa,Varca
Goa,Vasco da Gama
Gujarat,Abrama
Gujarat,Adalaj
Gujarat,Agol
Gujarat,Ahmedabad
Gujarat,Ahwa
Gujarat,Akrund
Gujarat,Amod
Gujarat,"Amod,"
Gujarat,Amreli
Gujarat,Amroli
Gujarat,Anand
Gujarat,Anjar
Gujarat,Ankleshwar
Gujarat,Babra
Gujarat,Bagasara
Gujarat,Bagasra
Gujarat,Bakharla
Gujarat,Balagam
Gujarat,Balasinor
Gujarat,Balisana
Gujarat,Bamanbore
Gujarat,Banas Kantha
Gujarat,Bandia
Gujarat,Bantva
Gujarat,Bardoli
Gujarat,Bedi
Gujarat,Bhachau
Gujarat,Bhadran
Gujarat,Bhandu
Gujarat,Bhanvad
Gujarat,Bharuch
Gujarat,Bhatha
Gujarat,Bhavnagar
Gujarat,Bhayavadar
Gujarat,Bhildi
Gujarat,Bhojpur Dharampur
Gujarat,Bhuj
Gujarat,Bilimora
Gujarat,Bilkha
Gujarat,Borsad
Gujarat,Botad
Gujarat,Chaklasi
Gujarat,Chalala
Gujarat,Chaloda
Gujarat,Champaner
Gujarat,Chanasma
Gujarat,Chhala
Gujarat,Chhota Udepur
Gujarat,Chikhli
Gujarat,Chotila
Gujarat,Chuda
Gujarat,Dabhoda
Gujarat,Dabhoi
Gujarat,Dahegam
Gujarat,Dahod
Gujarat,Dakor
Gujarat,Damnagar
Gujarat,Dandi
Gujarat,Dangs (India)
Gujarat,Danta
Gujarat,Dayapar
Gujarat,Delvada
Gujarat,Delwada
Gujarat,Detroj
Gujarat,Devbhumi Dwarka
Gujarat,Devgadh Bariya
Gujarat,Dhandhuka
Gujarat,Dhanera
Gujarat,Dhansura
Gujarat,Dharampur
Gujarat,Dharasana
Gujarat,Dhari
Gujarat,Dhasa
Gujarat,Dhola
Gujarat,Dholera
Gujarat,Dholka
Gujarat,Dhoraji
Gujarat,Dhrangadhra
Gujarat,Dhrol
Gujarat,Dhuwaran
Gujarat,Disa
Gujarat,Dohad
Gujarat,Dumkhal
Gujarat,Dungarpur
Gujarat,Dwarka
Gujarat,Gadhada
Gujarat,Gandevi
Gujarat,Gandhidham
Gujarat,Gandhinagar
Gujarat,Gariadhar
Gujarat,Ghodasar
Gujarat,Ghogha
Gujarat,Gir Somnath
Gujarat,Godhra
Gujarat,Gondal
Gujarat,Gorwa
Gujarat,Halenda
Gujarat,Halol
Gujarat,Halvad
Gujarat,Hansot
Gujarat,Harij
Gujarat,Harsol
Gujarat,Hathuran
Gujarat,Himatnagar
Gujarat,Idar
Gujarat,Jakhau
Gujarat,Jalalpore
Gujarat,Jalalpur
Gujarat,Jalia
Gujarat,Jambuda
Gujarat,Jambusar
Gujarat,Jamnagar
Gujarat,"Jarod,"
Gujarat,Jasdan
Gujarat,Jetalpur
Gujarat,Jetalsar
Gujarat,Jetpur
Gujarat,Jetpur (Navagadh)
Gujarat,Jhalod
Gujarat,Jhulasan
Gujarat,Jodhpur
Gujarat,Jodhpur (Ahmedabad)
Gujarat,Jodia
Gujarat,Jodiya Bandar
Gujarat,Junagadh
Gujarat,Kachchh
Gujarat,Kachholi
Gujarat,Kadi
Gujarat,Kadod
Gujarat,Kalavad
Gujarat,Kalol
Gujarat,Kandla
Gujarat,Kandla port
Gujarat,Kanodar
Gujarat,Kapadvanj
Gujarat,Karamsad
Gujarat,Kariana
Gujarat,Karjan
Gujarat,Kathor
Gujarat,Katpur
Gujarat,Kavant
Gujarat,Kawant
Gujarat,Kayavarohan
Gujarat,Kerwada
Gujarat,Keshod
Gujarat,Khambhalia
Gujarat,Khambhat
Gujarat,Khavda
Gujarat,Kheda
Gujarat,Khedbrahma
Gujarat,Khedoi
Gujarat,Kherali
Gujarat,Kheralu
Gujarat,Kodinar
Gujarat,Kosamba
Gujarat,Kothara
Gujarat,Kotharia
Gujarat,Kukarmunda
Gujarat,Kukma
Gujarat,Kundla
Gujarat,Kutch district
Gujarat,Kutiyana
Gujarat,Ladol
Gujarat,Lakhpat
Gujarat,Lakhtar
Gujarat,Lalpur
Gujarat,Langhnaj
Gujarat,Lathi
Gujarat,Limbdi
Gujarat,Limkheda
Gujarat,Lunavada
Gujarat,Madhavpur Ghed
Gujarat,Madhi
Gujarat,Mahemdavad
Gujarat,Mahesana
Gujarat,Mahisa
Gujarat,Mahudha
Gujarat,Mahuva
Gujarat,Mahuva (Surat)
Gujarat,Malpur
Gujarat,Manavadar
Gujarat,Mandal
Gujarat,Mandvi
Gujarat,Mandvi (Surat)
Gujarat,Mangrol
Gujarat,Mangrol (Junagadh)
Gujarat,Mansa
Gujarat,Meghraj
Gujarat,Mehsana
Gujarat,Mendarda
Gujarat,Mithapur
Gujarat,Modasa
Gujarat,Morbi
Gujarat,Morva (Hadaf)
Gujarat,Morwa
Gujarat,Mundra
Gujarat,Nadiad
Gujarat,"Nadiad,"
Gujarat,Nagwa
Gujarat,Naldhara
Gujarat,Naliya
Gujarat,Nargol
Gujarat,Narmada
Gujarat,Naroda
Gujarat,Navsari
Gujarat,Nikora
Gujarat,Nizar
Gujarat,Odadar
Gujarat,Okha
Gujarat,Olpad
Gujarat,Paddhari
Gujarat,Padra
Gujarat,Palanpur
Gujarat,Palanswa
Gujarat,Palitana
Gujarat,Paliyad
Gujarat,Paliyad (Bhavnagar)
Gujarat,Palsana
Gujarat,Panch Mahals
Gujarat,Panchmahal district
Gujarat,Pardi
Gujarat,Parnera
Gujarat,Patan
Gujarat,Pavi Jetpur
Gujarat,Petlad
Gujarat,Pipavav
Gujarat,Piplod
Gujarat,Porbandar
Gujarat,Prabhas Patan
Gujarat,Prantij
Gujarat,Radhanpur
Gujarat,Rajkot
Gujarat,Rajpipla
Gujarat,Rajula
Gujarat,Ranavav
Gujarat,Ranpur
Gujarat,Rapar
Gujarat,Reha
Gujarat,Roha
Gujarat,Sabar Kantha
Gujarat,Sachin
Gujarat,Salaya
Gujarat,Samakhiali
Gujarat,Sanand
Gujarat,Sankheda
Gujarat,Sarbhon
Gujarat,Sardoi
Gujarat,Sarkhej
Gujarat,Sathamba
Gujarat,Savarkundla
Gujarat,Savli
Gujarat,Sayla
Gujarat,Shahpur
Gujarat,Shivrajpur
Gujarat,Siddhpur
Gujarat,Sihor
Gujarat,Sikka
Gujarat,Sinor
Gujarat,Sojitra
Gujarat,Songadh
Gujarat,Supedi
Gujarat,Surat
Gujarat,Surendranagar
Gujarat,Sutrapada
Gujarat,Talaja
Gujarat,Tankara
Gujarat,Tapi
Gujarat,Than
Gujarat,Thangadh
Gujarat,Tharad
Gujarat,Thasra
Gujarat,The Dangs
Gujarat,Umarpada
Gujarat,Umrala
Gujarat,Umreth
Gujarat,Un
Gujarat,Una
Gujarat,Unjha
Gujarat,Upleta
Gujarat,Utran
Gujarat,Vadgam
Gujarat,Vadnagar
Gujarat,Vadodara
Gujarat,Vaghodia
Gujarat,Vaghodia INA
Gujarat,Vallabh Vidyanagar
Gujarat,Vallabhipur
Gujarat,Valsad
Gujarat,Vanala
Gujarat,Vansda
Gujarat,Vanthli
Gujarat,Vapi
Gujarat,Vartej
Gujarat,Vasa
Gujarat,Vasavad
Gujarat,Vaso
Gujarat,Vataman
Gujarat,Vejalpur
Gujarat,Veraval
Gujarat,Vijapur
Gujarat,Vinchhiya
Gujarat,Vinchia
Gujarat,Viramgam
Gujarat,Virpur
Gujarat,Visavadar
Gujarat,Visnagar
Gujarat,Vyara
Gujarat,Wadhai
Gujarat,Wadhwan
Gujarat,Waghai
Gujarat,Wankaner
Haryana,Ambala
Haryana,Asandh
Haryana,Ateli Mandi
Haryana,Bahadurgarh
Haryana,Bara Uchana
Haryana,Barwala
Haryana,Bawal
Haryana,Beri Khas
Haryana,Bhiwani
Haryana,Bilaspur
Haryana,Buriya
Haryana,Charkhi Dadri
Haryana,Chhachhrauli
Haryana,Dabwali
Haryana,Dharuhera
Haryana,Ellenabad
Haryana,Faridabad
Haryana,Faridabad District
Haryana,Farrukhnagar
Haryana,Fatehabad
Haryana,Fatehabad District
Haryana,Firozpur Jhirka
Haryana,Gharaunda
Haryana,Gohana
Haryana,Gorakhpur
Haryana,Gurgaon
Haryana,Hansi
Haryana,Hasanpur
Haryana,Hisar
Haryana,Hodal
Haryana,Inda Chhoi
Haryana,Indri
Haryana,Jagadhri
Haryana,Jakhal
Haryana,Jhajjar
Haryana,Jind
Haryana,Kaithal
Haryana,Kalanaur
Haryana,Kalanwali
Haryana,Kanina Khas
Haryana,Karnal
Haryana,Kharkhauda
Haryana,Kheri Sampla
Haryana,Kurukshetra
Haryana,Ladwa
Haryana,Loharu
Haryana,Maham
Haryana,Mahendragarh
Haryana,Mandholi Kalan
Haryana,Mustafabad
Haryana,Narayangarh
Haryana,Narnaul
Haryana,Narnaund
Haryana,Narwana
Haryana,Nilokheri
Haryana,Nuh
Haryana,Palwal
Haryana,Panchkula
Haryana,Panipat
Haryana,Pataudi
Haryana,Pehowa
Haryana,Pinjaur
Haryana,Punahana
Haryana,Pundri
Haryana,Radaur
Haryana,Rania
Haryana,Ratia
Haryana,Rewari
Haryana,Rewari District
Haryana,Rohtak
Haryana,Safidon
Haryana,Samalkha
Haryana,Shadipur Julana
Haryana,Shahabad
Haryana,Sirsa
Haryana,Sohna
Haryana,Sonipat
Haryana,Taoru
Haryana,Thanesar
Haryana,Tohana
Haryana,Tosham
Haryana,Uklana
Haryana,Yamunanagar
Himachal Pradesh,Arki
Himachal Pradesh,Baddi
Himachal Pradesh,Banjar
Himachal Pradesh,Bilaspur
Himachal Pradesh,Chamba
Himachal Pradesh,Chaupal
Himachal Pradesh,Chowari
Himachal Pradesh,Chuari Khas
Himachal Pradesh,Dagshai
Himachal Pradesh,Dalhousie
Himachal Pradesh,Daulatpur
Himachal Pradesh,Dera Gopipur
Himachal Pradesh,Dharamsala
Himachal Pradesh,Gagret
Himachal Pradesh,Ghumarwin
Himachal Pradesh,Hamirpur
Himachal Pradesh,Jawala Mukhi
Himachal Pradesh,Jogindarnagar
Himachal Pradesh,Jubbal
Himachal Pradesh,Jutogh
Himachal Pradesh,Kalka
Himachal Pradesh,Kangar
Himachal Pradesh,Kangra
Himachal Pradesh,Kasauli
Himachal Pradesh,Kinnaur
Himachal Pradesh,Kotkhai
Himachal Pradesh,Kotla
Himachal Pradesh,Kulu
Himachal Pradesh,Kyelang
Himachal Pradesh,Lahul and Spiti
Himachal Pradesh,Manali
Himachal Pradesh,Mandi
Himachal Pradesh,Nadaun
Himachal Pradesh,Nagar
Himachal Pradesh,Nagrota
Himachal Pradesh,Nahan
Himachal Pradesh,Nalagarh
Himachal Pradesh,Palampur
Himachal Pradesh,Pandoh
Himachal Pradesh,Paonta Sahib
Himachal Pradesh,Parwanoo
Himachal Pradesh,Rajgarh
Himachal Pradesh,Rampur
Himachal Pradesh,Rohru
Himachal Pradesh,Sabathu
Himachal Pradesh,Santokhgarh
Himachal Pradesh,Sarahan
Himachal Pradesh,Sarka Ghat
Himachal Pradesh,Seoni
Himachal Pradesh,Shimla
Himachal Pradesh,Sirmaur
Himachal Pradesh,Solan
Himachal Pradesh,Sundarnagar
Himachal Pradesh,Theog
Himachal Pradesh,Tira Sujanpur
Himachal Pradesh,Una
Himachal Pradesh,Yol
Jammu and Kashmir,Akhnur
Jammu and Kashmir,Anantnag
Jammu and Kashmir,Awantipur
Jammu and Kashmir,Badgam
Jammu and Kashmir,Bandipore
Jammu and Kashmir,Bandipura
Jammu and Kashmir,Banihal
Jammu and Kashmir,Baramula
Jammu and Kashmir,Batoti
Jammu and Kashmir,Bhadarwah
Jammu and Kashmir,Bijbehara
Jammu and Kashmir,Bishnah
Jammu and Kashmir,Doda
Jammu and Kashmir,Gandarbal
Jammu and Kashmir,Ganderbal
Jammu and Kashmir,Gho Brahmanan de
Jammu and Kashmir,Hajan
Jammu and Kashmir,Hiranagar
Jammu and Kashmir,Jammu
Jammu and Kashmir,Jaurian
Jammu and Kashmir,Kathua
Jammu and Kashmir,Katra
Jammu and Kashmir,Khaur
Jammu and Kashmir,Kishtwar
Jammu and Kashmir,Kud
Jammu and Kashmir,Kulgam
Jammu and Kashmir,Kupwara
Jammu and Kashmir,Ladakh
Jammu and Kashmir,Magam
Jammu and Kashmir,Nawanshahr
Jammu and Kashmir,Noria
Jammu and Kashmir,Padam
Jammu and Kashmir,Pahlgam
Jammu and Kashmir,Parol
Jammu and Kashmir,Pattan
Jammu and Kashmir,Pulwama
Jammu and Kashmir,Punch
Jammu and Kashmir,Qazigund
Jammu and Kashmir,Rajaori
Jammu and Kashmir,Rajauri
Jammu and Kashmir,Ramban
Jammu and Kashmir,Ramgarh
Jammu and Kashmir,Ramnagar
Jammu and Kashmir,Riasi
Jammu and Kashmir,Samba
Jammu and Kashmir,Shupiyan
Jammu and Kashmir,Sopur
Jammu and Kashmir,Soyibug
Jammu and Kashmir,Srinagar
Jammu and Kashmir,Sumbal
Jammu and Kashmir,Thang
Jammu and Kashmir,Thanna Mandi
Jammu and Kashmir,Tral
Jammu and Kashmir,Tsrar Sharif
Jammu and Kashmir,Udhampur
Jammu and Kashmir,Uri
Jharkhand,Bagra
Jharkhand,Barka Kana
Jharkhand,Barki Saria
Jharkhand,Barwadih
Jharkhand,Bhojudih
Jharkhand,Bokaro
Jharkhand,Bundu
Jharkhand,Chaibasa
Jharkhand,Chakradharpur
Jharkhand,Chakulia
Jharkhand,Chandil
Jharkhand,Chas
Jharkhand,Chatra
Jharkhand,Chiria
Jharkhand,Daltonganj
Jharkhand,Deogarh
Jharkhand,Dhanbad
Jharkhand,Dhanwar
Jharkhand,Dugda
Jharkhand,Dumka
Jharkhand,Garhwa
Jharkhand,Ghatsila
Jharkhand,Giridih
Jharkhand,Gobindpur
Jharkhand,Godda
Jharkhand,Gomoh
Jharkhand,Gopinathpur
Jharkhand,Gua
Jharkhand,Gumia
Jharkhand,Gumla
Jharkhand,Hazaribag
Jharkhand,Hazaribagh
Jharkhand,Hesla
Jharkhand,Husainabad
Jharkhand,Jagannathpur
Jharkhand,Jamadoba
Jharkhand,Jamshedpur
Jharkhand,Jamtara
Jharkhand,Jasidih
Jharkhand,Jharia
Jharkhand,Jugsalai
Jharkhand,Jumri Tilaiya
Jharkhand,Kalikapur
Jharkhand,Kandra
Jharkhand,Kanke
Jharkhand,Katras
Jharkhand,Kenduadih
Jharkhand,Kharsawan
Jharkhand,Khunti
Jharkhand,Kodarma
Jharkhand,Kuju
Jharkhand,Latehar
Jharkhand,Lohardaga
Jharkhand,Madhupur
Jharkhand,Malkera
Jharkhand,Manoharpur
Jharkhand,Mugma
Jharkhand,Mushabani
Jharkhand,Neturhat
Jharkhand,Nirsa
Jharkhand,Noamundi
Jharkhand,Pakur
Jharkhand,Palamu
Jharkhand,Pashchim Singhbhum
Jharkhand,Pathardih
Jharkhand,Purba Singhbhum
Jharkhand,Ramgarh
Jharkhand,Ranchi
Jharkhand,Ray
Jharkhand,Sahibganj
Jharkhand,Saraikela
Jharkhand,Sarubera
Jharkhand,Sijua
Jharkhand,Simdega
Jharkhand,Sini
Jharkhand,Topchanchi
Jharkhand,patamda
Karnataka,Afzalpur
Karnataka,Ajjampur
Karnataka,Aland
Karnataka,Alnavar
Karnataka,Alur
Karnataka,Anekal
Karnataka,Ankola
Karnataka,Annigeri
Karnataka,Arkalgud
Karnataka,Arsikere
Karnataka,Athni
Karnataka,Aurad
Karnataka,Badami
Karnataka,Bagalkot
Karnataka,Bagepalli
Karnataka,Bail-Hongal
Karnataka,Ballari
Karnataka,Ballary
Karnataka,Banavar
Karnataka,Bangalore Rural
Karnataka,Bangalore Urban
Karnataka,Bangarapet
Karnataka,Bannur
Karnataka,Bantval
Karnataka,Basavakalyan
Karnataka,Basavana Bagevadi
Karnataka,Belagavi
Karnataka,Belluru
Karnataka,Beltangadi
Karnataka,Belur
Karnataka,Bengaluru
Karnataka,Bhadravati
Karnataka,Bhalki
Karnataka,Bhatkal
Karnataka,Bidar
Karnataka,Bilgi
Karnataka,Birur
Karnataka,Byadgi
Karnataka,Byndoor
Karnataka,Canacona
Karnataka,Challakere
Karnataka,Chamrajnagar
Karnataka,Channagiri
Karnataka,Channapatna
Karnataka,Channarayapatna
Karnataka,Chik Ballapur
Karnataka,Chikkaballapur
Karnataka,Chikkamagaluru
Karnataka,Chiknayakanhalli
Karnataka,Chikodi
Karnataka,Chincholi
Karnataka,Chintamani
Karnataka,Chitapur
Karnataka,Chitradurga
Karnataka,Closepet
Karnataka,Coondapoor
Karnataka,Dakshina Kannada
Karnataka,Dandeli
Karnataka,Davanagere
Karnataka,Devanhalli
Karnataka,Dharwad
Karnataka,Dod Ballapur
Karnataka,French Rocks
Karnataka,Gadag
Karnataka,Gadag-Betageri
Karnataka,Gajendragarh
Karnataka,Gangawati
Karnataka,Gangolli
Karnataka,Gokak
Karnataka,Gokarna
Karnataka,Goribidnur
Karnataka,Gorur
Karnataka,Gubbi
Karnataka,Gudibanda
Karnataka,Guledagudda
Karnataka,Gundlupēt
Karnataka,Gurmatkal
Karnataka,Hadagalli
Karnataka,Haliyal
Karnataka,Hampi
Karnataka,Hangal
Karnataka,Harihar
Karnataka,Harpanahalli
Karnataka,Hassan
Karnataka,Haveri
Karnataka,Heggadadevankote
Karnataka,Hirekerur
Karnataka,Hiriyur
Karnataka,Holalkere
Karnataka,Hole Narsipur
Karnataka,Homnabad
Karnataka,Honavar
Karnataka,Honnali
Karnataka,Hosanagara
Karnataka,Hosangadi
Karnataka,Hosdurga
Karnataka,Hoskote
Karnataka,Hospet
Karnataka,Hubballi
Karnataka,Hukeri
Karnataka,Hungund
Karnataka,Hunsur
Karnataka,Ilkal
Karnataka,Indi
Karnataka,Jagalur
Karnataka,Jamkhandi
Karnataka,Jevargi
Karnataka,Kadur
Karnataka,Kalaburgi
Karnataka,Kalghatgi
Karnataka,Kampli
Karnataka,Kankanhalli
Karnataka,Karkala
Karnataka,Karwar
Karnataka,Kavalur
Karnataka,Kerur
Karnataka,Khanapur
Karnataka,Kodagu
Karnataka,Kodigenahalli
Karnataka,Kodlipet
Karnataka,Kolar
Karnataka,Kollegal
Karnataka,Konanur
Karnataka,Konnur
Karnataka,Koppa
Karnataka,Koppal
Karnataka,Koratagere
Karnataka,Kotturu
Karnataka,Krishnarajpet
Karnataka,Kudachi
Karnataka,Kudligi
Karnataka,Kumsi
Karnataka,Kumta
Karnataka,Kundgol
Karnataka,Kunigal
Karnataka,Kurgunta
Karnataka,Kushalnagar
Karnataka,Kushtagi
Karnataka,Lakshmeshwar
Karnataka,Lingsugur
Karnataka,Londa
Karnataka,Maddagiri
Karnataka,Maddur
Karnataka,Madikeri
Karnataka,Magadi
Karnataka,Mahalingpur
Karnataka,Malavalli
Karnataka,Malpe
Karnataka,Malur
Karnataka,Mandya
Karnataka,Mangaluru
Karnataka,Manipal
Karnataka,Manvi
Karnataka,Mayakonda
Karnataka,Melukote
Karnataka,Mudbidri
Karnataka,Muddebihal
Karnataka,Mudgal
Karnataka,Mudgere
Karnataka,Mudhol
Karnataka,Mulbagal
Karnataka,Mulgund
Karnataka,Mulki
Karnataka,Mundargi
Karnataka,Mundgod
Karnataka,Munirabad
Karnataka,Murudeshwara
Karnataka,Mysuru
Karnataka,Nagamangala
Karnataka,Nanjangud
Karnataka,Narasimharajapura
Karnataka,Naregal
Karnataka,Nargund
Karnataka,Navalgund
Karnataka,Nelamangala
Karnataka,Nyamti
Karnataka,Pangala
Karnataka,Pavugada
Karnataka,Piriyapatna
Karnataka,Ponnampet
Karnataka,Puttur
Karnataka,Rabkavi
Karnataka,Raichur
Karnataka,Ramanagara
Karnataka,Ranibennur
Karnataka,Raybag
Karnataka,Robertsonpet
Karnataka,Ron
Karnataka,Sadalgi
Karnataka,Sagar
Karnataka,Sakleshpur
Karnataka,Sandur
Karnataka,Sanivarsante
Karnataka,Sankeshwar
Karnataka,Sargur
Karnataka,Saundatti
Karnataka,Savanur
Karnataka,Seram
Karnataka,Shahabad
Karnataka,Shahpur
Karnataka,Shiggaon
Karnataka,Shikarpur
Karnataka,Shimoga
Karnataka,Shirhatti
Karnataka,Shorapur
Karnataka,Shrirangapattana
Karnataka,Siddapur
Karnataka,Sidlaghatta
Karnataka,Sindgi
Karnataka,Sindhnur
Karnataka,Sira
Karnataka,Sirsi
Karnataka,Siruguppa
Karnataka,Someshwar
Karnataka,Somvarpet
Karnataka,Sorab
Karnataka,Sravana Belgola
Karnataka,Sringeri
Karnataka,Srinivaspur
Karnataka,Sulya
Karnataka,Suntikoppa
Karnataka,Talikota
Karnataka,Tarikere
Karnataka,Tekkalakote
Karnataka,Terdal
Karnataka,Tiptur
Karnataka,Tirthahalli
Karnataka,Tirumakudal Narsipur
Karnataka,Tumakuru
Karnataka,Turuvekere
Karnataka,Udupi
Karnataka,Ullal
Karnataka,Uttar Kannada
Karnataka,Vadigenhalli
Karnataka,Vijayapura
Karnataka,Virarajendrapet
Karnataka,Wadi
Karnataka,Yadgir
Karnataka,Yelahanka
Karnataka,Yelandur
Karnataka,Yelbarga
Karnataka,Yellapur
Kerala,Adur
Kerala,Alappuzha
Kerala,Aluva
Kerala,Alwaye
Kerala,Angamali
Kerala,Aroor
Kerala,Arukutti
Kerala,Attingal
Kerala,Avanoor
Kerala,Azhikkal
Kerala,Badagara
Kerala,Beypore
Kerala,Changanacheri
Kerala,Chengannur
Kerala,Cherpulassery
Kerala,Cherthala
Kerala,Chetwayi
Kerala,Chittur
Kerala,Chēlakara
Kerala,Cochin
Kerala,Dharmadam
Kerala,Edakkulam
Kerala,Elur
Kerala,Erattupetta
Kerala,Ernakulam
Kerala,Ferokh
Kerala,Guruvayur
Kerala,Idukki
Kerala,Iringal
Kerala,Irinjalakuda
Kerala,Kadakkavoor
Kerala,Kalamassery
Kerala,Kalavoor
Kerala,Kalpatta
Kerala,Kannangad
Kerala,Kannavam
Kerala,Kannur
Kerala,Kasaragod
Kerala,Kasaragod District
Kerala,Kattanam
Kerala,Kayankulam
Kerala,Kizhake Chalakudi
Kerala,Kodungallur
Kerala,Kollam
Kerala,Kotamangalam
Kerala,Kottayam
Kerala,Kovalam
Kerala,Kozhikode
Kerala,Kumbalam
Kerala,Kunnamangalam
Kerala,Kunnamkulam
Kerala,Kunnumma
Kerala,Kutiatodu
Kerala,Kuttampuzha
Kerala,Lalam
Kerala,Mahē
Kerala,Malappuram
Kerala,Manjeri
Kerala,Manjēshvar
Kerala,Mannarakkat
Kerala,Marayur
Kerala,Mattanur
Kerala,Mavelikara
Kerala,Mavoor
Kerala,Muluppilagadu
Kerala,Munnar
Kerala,Muvattupula
Kerala,Muvattupuzha
Kerala,Nadapuram
Kerala,Naduvannur
Kerala,Nedumangad
Kerala,Neyyattinkara
Kerala,Nilēshwar
Kerala,Ottappalam
Kerala,Palackattumala
Kerala,Palakkad district
Kerala,Palghat
Kerala,Panamaram
Kerala,Pappinisshēri
Kerala,Paravur Tekkumbhagam
Kerala,Pariyapuram
Kerala,Pathanamthitta
Kerala,Pattanamtitta
Kerala,Payyannur
Kerala,Perumbavoor
Kerala,Perumpavur
Kerala,Perya
Kerala,Piravam
Kerala,Ponmana
Kerala,Ponnani
Kerala,Punalur
Kerala,Ramamangalam
Kerala,Shertallai
Kerala,Shōranur
Kerala,Talipparamba
Kerala,Tellicherry
Kerala,Thanniyam
Kerala,Thiruvananthapuram
Kerala,Thrissur
Kerala,Thrissur District
Kerala,Tirur
Kerala,Tiruvalla
Kerala,Vaikam
Kerala,Varkala
Kerala,Vayalar
Kerala,Vettur
Kerala,Wayanad
Ladakh,Kargil
Ladakh,Leh
Lakshadweep,Kavaratti
Lakshadweep,Lakshadweep
Madhya Pradesh,Agar
Madhya Pradesh,Ajaigarh
Madhya Pradesh,Akodia
Madhya Pradesh,Alampur
Madhya Pradesh,Alirajpur
Madhya Pradesh,Alot
Madhya Pradesh,Amanganj
Madhya Pradesh,Amarkantak
Madhya Pradesh,Amarpatan
Madhya Pradesh,Amarwara
Madhya Pradesh,Ambah
Madhya Pradesh,Amla
Madhya Pradesh,Anjad
Madhya Pradesh,Antri
Madhya Pradesh,Anuppur
Madhya Pradesh,Aron
Madhya Pradesh,Ashoknagar
Madhya Pradesh,Ashta
Madhya Pradesh,Babai
Madhya Pradesh,Badarwas
Madhya Pradesh,Badnawar
Madhya Pradesh,Bag
Madhya Pradesh,Bagli
Madhya Pradesh,Baihar
Madhya Pradesh,Baikunthpur
Madhya Pradesh,Bakshwaho
Madhya Pradesh,Balaghat
Madhya Pradesh,Baldeogarh
Madhya Pradesh,Bamna
Madhya Pradesh,Bamor Kalan
Madhya Pradesh,Bamora
Madhya Pradesh,Banda
Madhya Pradesh,Barela
Madhya Pradesh,Barghat
Madhya Pradesh,Bargi
Madhya Pradesh,Barhi
Madhya Pradesh,Barwani
Madhya Pradesh,Basoda
Madhya Pradesh,Begamganj
Madhya Pradesh,Beohari
Madhya Pradesh,Berasia
Madhya Pradesh,Betma
Madhya Pradesh,Betul
Madhya Pradesh,Betul Bazar
Madhya Pradesh,Bhabhra
Madhya Pradesh,Bhainsdehi
Madhya Pradesh,Bhander
Madhya Pradesh,Bhanpura
Madhya Pradesh,Bhawaniganj
Madhya Pradesh,Bhikangaon
Madhya Pradesh,Bhind
Madhya Pradesh,Bhitarwar
Madhya Pradesh,Bhopal
Madhya Pradesh,Biaora
Madhya Pradesh,Bijawar
Madhya Pradesh,Bijrauni
Madhya Pradesh,Bodri
Madhya Pradesh,Burhanpur
Madhya Pradesh,Burhar
Madhya Pradesh,Chanderi
Madhya Pradesh,Chandia
Madhya Pradesh,Chandla
Madhya Pradesh,Chhatarpur
Madhya Pradesh,Chhindwara
Madhya Pradesh,Chichli
Madhya Pradesh,Chorhat
Madhya Pradesh,Daboh
Madhya Pradesh,Dabra
Madhya Pradesh,Damoh
Madhya Pradesh,Datia
Madhya Pradesh,Deori Khas
Madhya Pradesh,Depalpur
Madhya Pradesh,Dewas
Madhya Pradesh,Dhamnod
Madhya Pradesh,Dhana
Madhya Pradesh,Dhar
Madhya Pradesh,Dharampuri
Madhya Pradesh,Dindori
Madhya Pradesh,Etawa
Madhya Pradesh,Gadarwara
Madhya Pradesh,Garha Brahman
Madhya Pradesh,Garhakota
Madhya Pradesh,Gautampura
Madhya Pradesh,Ghansor
Madhya Pradesh,Gogapur
Madhya Pradesh,Gohadi
Madhya Pradesh,Govindgarh
Madhya Pradesh,Guna
Madhya Pradesh,Gurh
Madhya Pradesh,Gwalior
Madhya Pradesh,Harda
Madhya Pradesh,Harda Khas
Madhya Pradesh,Harpalpur
Madhya Pradesh,Harrai
Madhya Pradesh,Harsud
Madhya Pradesh,Hatod
Madhya Pradesh,Hatta
Madhya Pradesh,Hindoria
Madhya Pradesh,Hoshangabad
Madhya Pradesh,Iawar
Madhya Pradesh,Ichhawar
Madhya Pradesh,Iklehra
Madhya Pradesh,Indore
Madhya Pradesh,Isagarh
Madhya Pradesh,Itarsi
Madhya Pradesh,Jabalpur
Madhya Pradesh,Jaisinghnagar
Madhya Pradesh,Jaithari
Madhya Pradesh,Jamai
Madhya Pradesh,Jaora
Madhya Pradesh,Jatara
Madhya Pradesh,Jawad
Madhya Pradesh,Jhabua
Madhya Pradesh,Jiran
Madhya Pradesh,Jobat
Madhya Pradesh,Kailaras
Madhya Pradesh,Kaimori
Madhya Pradesh,Kannod
Madhya Pradesh,Kareli
Madhya Pradesh,Karera
Madhya Pradesh,Karrapur
Madhya Pradesh,Kasrawad
Madhya Pradesh,Katangi
Madhya Pradesh,Katni
Madhya Pradesh,Khachrod
Madhya Pradesh,Khailar
Madhya Pradesh,Khajuraho Group of Monuments
Madhya Pradesh,Khamaria
Madhya Pradesh,Khandwa
Madhya Pradesh,Khandwa district
Madhya Pradesh,Khargapur
Madhya Pradesh,Khargone
Madhya Pradesh,Khategaon
Madhya Pradesh,Khilchipur
Madhya Pradesh,Khirkiyan
Madhya Pradesh,Khujner
Madhya Pradesh,Khurai
Madhya Pradesh,Kolaras
Madhya Pradesh,Korwai
Madhya Pradesh,Kotar
Madhya Pradesh,Kothi
Madhya Pradesh,Kotma
Madhya Pradesh,Kotwa
Madhya Pradesh,Kukshi
Madhya Pradesh,Kumbhraj
Madhya Pradesh,Lahar
Madhya Pradesh,Lakhnadon
Madhya Pradesh,Leteri
Madhya Pradesh,Lodhikheda
Madhya Pradesh,Machalpur
Madhya Pradesh,Madhogarh
Madhya Pradesh,Maheshwar
Madhya Pradesh,Mahgawan
Madhya Pradesh,Maihar
Madhya Pradesh,Majholi
Madhya Pradesh,Maksi
Madhya Pradesh,Malhargarh
Madhya Pradesh,Manasa
Madhya Pradesh,Manawar
Madhya Pradesh,Mandideep
Madhya Pradesh,Mandla
Madhya Pradesh,Mandleshwar
Madhya Pradesh,Mandsaur
Madhya Pradesh,Mangawan
Madhya Pradesh,Manpur
Madhya Pradesh,Mau
Madhya Pradesh,Mauganj
Madhya Pradesh,Mihona
Madhya Pradesh,Mohgaon
Madhya Pradesh,Morar
Madhya Pradesh,Morena
Madhya Pradesh,Multai
Madhya Pradesh,Mundi
Madhya Pradesh,Mungaoli
Madhya Pradesh,Murwara
Madhya Pradesh,Nagda
Madhya Pradesh,Nagod
Madhya Pradesh,Naigarhi
Madhya Pradesh,Nainpur
Madhya Pradesh,Namli
Madhya Pradesh,Naraini
Madhya Pradesh,Narayangarh
Madhya Pradesh,Narsimhapur
Madhya Pradesh,Narsinghgarh
Madhya Pradesh,Narwar
Madhya Pradesh,Nasrullahganj
Madhya Pradesh,Neemuch
Madhya Pradesh,Nepanagar
Madhya Pradesh,Orchha
Madhya Pradesh,Pachmarhi
Madhya Pradesh,Palera
Madhya Pradesh,Pali
Madhya Pradesh,Panagar
Madhya Pradesh,Panara
Madhya Pradesh,Pandhana
Madhya Pradesh,Pandhurna
Madhya Pradesh,Panna
Madhya Pradesh,Pansemal
Madhya Pradesh,Parasia
Madhya Pradesh,Patan
Madhya Pradesh,Patharia
Madhya Pradesh,Pawai
Madhya Pradesh,Petlawad
Madhya Pradesh,Piploda
Madhya Pradesh,Pithampur
Madhya Pradesh,Porsa
Madhya Pradesh,Punasa
Madhya Pradesh,Raghogarh
Madhya Pradesh,Rahatgarh
Madhya Pradesh,Raisen
Madhya Pradesh,Rajgarh
Madhya Pradesh,Rajnagar
Madhya Pradesh,Rajpur
Madhya Pradesh,Rampura
Madhya Pradesh,Ranapur
Madhya Pradesh,Ratangarh
Madhya Pradesh,Ratlam
Madhya Pradesh,Rehli
Madhya Pradesh,Rehti
Madhya Pradesh,Rewa
Madhya Pradesh,Sabalgarh
Madhya Pradesh,Sagar
Madhya Pradesh,Sailana
Madhya Pradesh,Sanawad
Madhya Pradesh,Sanchi
Madhya Pradesh,Sanwer
Madhya Pradesh,Sarangpur
Madhya Pradesh,Satna
Madhya Pradesh,Satwas
Madhya Pradesh,Saugor
Madhya Pradesh,Sausar
Madhya Pradesh,Sehore
Madhya Pradesh,Sendhwa
Madhya Pradesh,Seondha
Madhya Pradesh,Seoni
Madhya Pradesh,Seoni Malwa
Madhya Pradesh,Shahdol
Madhya Pradesh,Shahgarh
Madhya Pradesh,Shahpur
Madhya Pradesh,Shahpura
Madhya Pradesh,Shajapur
Madhya Pradesh,Shamgarh
Madhya Pradesh,Sheopur
Madhya Pradesh,Shivpuri
Madhya Pradesh,Shujalpur
Madhya Pradesh,Sidhi
Madhya Pradesh,Sihora
Madhya Pradesh,Simaria
Madhya Pradesh,Singoli
Madhya Pradesh,Singrauli
Madhya Pradesh,Sirmaur
Madhya Pradesh,Sironj
Madhya Pradesh,Sitamau
Madhya Pradesh,Sohagi
Madhya Pradesh,Sohagpur
Madhya Pradesh,Sultanpur
Madhya Pradesh,Susner
Madhya Pradesh,Tal
Madhya Pradesh,Talen
Madhya Pradesh,Tarana
Madhya Pradesh,Tekanpur
Madhya Pradesh,Tendukheda
Madhya Pradesh,Teonthar
Madhya Pradesh,Thandla
Madhya Pradesh,Tikamgarh
Madhya Pradesh,Tirodi
Madhya Pradesh,Udaipura
Madhya Pradesh,Ujjain
Madhya Pradesh,Ukwa
Madhya Pradesh,Umaria
Madhya Pradesh,Umaria District
Madhya Pradesh,Umri
Madhya Pradesh,Unhel
Madhya Pradesh,Vidisha
Madhya Pradesh,Waraseoni
Maharashtra,Achalpur
Maharashtra,Adawad
Maharashtra,Agar Panchaitan
Maharashtra,Aheri
Maharashtra,Ahiri
Maharashtra,Ahmadnagar
Maharashtra,Ahmadpur
Maharashtra,Ahmednagar
Maharashtra,Airoli
Maharashtra,Ajra
Maharashtra,Akalkot
Maharashtra,Akkalkot
Maharashtra,Akluj
Maharashtra,Akola
Maharashtra,Akolner
Maharashtra,Akot
Maharashtra,Akrani
Maharashtra,Alandi
Maharashtra,Ale
Maharashtra,Alibag
Maharashtra,Alkuti
Maharashtra,Allapalli
Maharashtra,Amalner
Maharashtra,Amarnath
Maharashtra,Ambad
Maharashtra,Ambajogai
Maharashtra,Ambarnath
Maharashtra,Ambegaon
Maharashtra,Amgaon
Maharashtra,Amravati
Maharashtra,Amravati Division
Maharashtra,Andheri
Maharashtra,Andura
Maharashtra,Anjangaon
Maharashtra,Anjarle
Maharashtra,Anshing
Maharashtra,Arag
Maharashtra,Arangaon
Maharashtra,Ardhapur
Maharashtra,Argaon
Maharashtra,Artist Village
Maharashtra,Arvi
Maharashtra,Ashta
Maharashtra,Ashti
Maharashtra,Asoda
Maharashtra,Assaye
Maharashtra,Astagaon
Maharashtra,"Aundh, Satara"
Maharashtra,Aurangabad
Maharashtra,Ausa
Maharashtra,Badlapur
Maharashtra,Badnapur
Maharashtra,Badnera
Maharashtra,Bagewadi
Maharashtra,Balapur
Maharashtra,"Balapur, Akola district"
Maharashtra,Ballalpur
Maharashtra,Ballard Estate
Maharashtra,Ballarpur
Maharashtra,"Banda, Maharashtra"
Maharashtra,Bandra
Maharashtra,Baner
Maharashtra,Bankot
Maharashtra,Baramati
Maharashtra,Barsi
Maharashtra,Basmat
Maharashtra,Basmath
Maharashtra,Bavdhan
Maharashtra,Bawanbir
Maharashtra,Beed
Maharashtra,"Bhadgaon, Maharashtra"
Maharashtra,Bhandara
Maharashtra,Bhandardara
Maharashtra,Bhandup
Maharashtra,Bhayandar
Maharashtra,Bhigvan
Maharashtra,Bhiwandi
Maharashtra,Bhiwapur
Maharashtra,Bhokar
Maharashtra,Bhokardan
Maharashtra,Bhoom
Maharashtra,Bhor
Maharashtra,Bhudgaon
Maharashtra,Bhugaon
Maharashtra,Bhum
Maharashtra,Bhusaval
Maharashtra,Bhusawal
Maharashtra,Bid
Maharashtra,Bijur
Maharashtra,Bilashi
Maharashtra,Biloli
Maharashtra,Boisar
Maharashtra,Borgaon Manju
Maharashtra,Borivali
Maharashtra,Borivli
Maharashtra,Brahmapuri
Maharashtra,Breach Candy
Maharashtra,Buldana
Maharashtra,Buldhana
Maharashtra,Byculla
Maharashtra,Chakan
Maharashtra,Chakur
Maharashtra,Chalisgaon
Maharashtra,Chanda
Maharashtra,Chandgad
Maharashtra,Chandor
Maharashtra,Chandrapur
Maharashtra,Chandur
Maharashtra,Chandur Bazar
Maharashtra,Chausala
Maharashtra,Chembur
Maharashtra,Chicholi
Maharashtra,Chichondi Patil
Maharashtra,Chikhli (Buldhana)
Maharashtra,Chikhli (Jalna)
Maharashtra,Chimur
Maharashtra,Chinchani
Maharashtra,Chinchpokli
Maharashtra,Chiplun
Maharashtra,Chopda
Maharashtra,Colaba
Maharashtra,Dabhol
Maharashtra,Daddi
Maharashtra,Dahanu
Maharashtra,Dahivel
Maharashtra,Dapoli
Maharashtra,Darwha
Maharashtra,Daryapur
Maharashtra,Dattapur
Maharashtra,Daulatabad
Maharashtra,Daund
Maharashtra,Deccan Gymkhana
Maharashtra,Deglur
Maharashtra,Dehu
Maharashtra,Deolali
Maharashtra,Deolapar
Maharashtra,Deoli
Maharashtra,Deoni
Maharashtra,Deulgaon Raja
Maharashtra,Devrukh
Maharashtra,Dharangaon
Maharashtra,Dharavi
Maharashtra,Dharmabad
Maharashtra,Dharur
Maharashtra,Dhawalpuri
Maharashtra,Dhule
Maharashtra,Dhulia
Maharashtra,Dighori
Maharashtra,Diglur
Maharashtra,Digras
Maharashtra,"Dindori, Maharashtra"
Maharashtra,Diveagar
Maharashtra,Dombivli
Maharashtra,Dondaicha
Maharashtra,Dongri
Maharashtra,Dudhani
Maharashtra,Durgapur
Maharashtra,"Durgapur, Chandrapur"
Maharashtra,Erandol
Maharashtra,Faizpur
Maharashtra,Fort
Maharashtra,Gadchiroli
Maharashtra,Gadhinglaj
Maharashtra,Gangakher
Maharashtra,Gangapur
Maharashtra,Ganpatipule
Maharashtra,Gevrai
Maharashtra,Ghargaon
Maharashtra,Ghatanji
Maharashtra,Ghatkopar
Maharashtra,Ghoti Budrukh
Maharashtra,Ghugus
Maharashtra,Girgaon
Maharashtra,Gondia
Maharashtra,Gondiya
Maharashtra,Gorai
Maharashtra,Goregaon
Maharashtra,Guhagar
Maharashtra,"Hadapsar, Pune"
Maharashtra,Hadgaon
Maharashtra,Halkarni
Maharashtra,Harangul
Maharashtra,Harnai
Maharashtra,Helwak
Maharashtra,Hinganghat
Maharashtra,Hingoli
Maharashtra,Hirapur
Maharashtra,Hirapur Hamesha
Maharashtra,Hotgi
Maharashtra,Ichalkaranji
Maharashtra,Igatpuri
Maharashtra,Indapur
Maharashtra,Jaisingpur
Maharashtra,Jaitapur
Maharashtra,Jakhangaon
Maharashtra,Jalgaon
Maharashtra,Jalgaon Jamod
Maharashtra,Jalkot
Maharashtra,Jalna
Maharashtra,Jamkhed
Maharashtra,Jamod
Maharashtra,Janephal
Maharashtra,Jaoli
Maharashtra,"Jat, Sangli"
Maharashtra,Jategaon
Maharashtra,Jawhar
Maharashtra,Jaysingpur
Maharashtra,Jejuri
Maharashtra,Jintur
Maharashtra,Jogeshwari
Maharashtra,Juhu
Maharashtra,Junnar
Maharashtra,Kachurwahi
Maharashtra,Kadegaon
Maharashtra,Kadus
Maharashtra,Kagal
Maharashtra,Kaij
Maharashtra,Kalamb
Maharashtra,"Kalamb, Osmanabad"
Maharashtra,Kalamboli
Maharashtra,Kalamnuri
Maharashtra,Kalas
Maharashtra,Kali(DK)
Maharashtra,Kalmeshwar
Maharashtra,Kalundri
Maharashtra,Kalyan
Maharashtra,Kalyani Nagar
Maharashtra,Kamargaon
Maharashtra,Kamatgi
Maharashtra,Kamptee
Maharashtra,Kamthi
Maharashtra,Kandri
Maharashtra,Kankauli
Maharashtra,Kankavli
Maharashtra,Kannad
Maharashtra,Karad
Maharashtra,Karajagi
Maharashtra,Karanja
Maharashtra,Karanja Lad
Maharashtra,Karjat
Maharashtra,Karkamb
Maharashtra,Karmala
Maharashtra,Kasara
Maharashtra,Kasoda
Maharashtra,Kati
Maharashtra,Katol
Maharashtra,Katral
Maharashtra,Khadki
Maharashtra,Khalapur
Maharashtra,Khallar
Maharashtra,Khamgaon
Maharashtra,Khanapur
Maharashtra,Khandala
Maharashtra,Khangaon
Maharashtra,Khapa
Maharashtra,Kharakvasla
Maharashtra,Kharda
Maharashtra,Kharghar
Maharashtra,Kharsundi
Maharashtra,Khed
Maharashtra,Khede
Maharashtra,Khetia
Maharashtra,Khoni
Maharashtra,Khopoli
Maharashtra,Khuldabad
Maharashtra,Kinwat
Maharashtra,Kodoli
Maharashtra,Kolhapur
Maharashtra,Kondalwadi
Maharashtra,Kondhali
Maharashtra,Kopar Khairane
Maharashtra,Kopargaon
Maharashtra,Kopela
Maharashtra,Koradi
Maharashtra,Koregaon
Maharashtra,Koynanagar
Maharashtra,Kudal
Maharashtra,Kuhi
Maharashtra,Kurandvad
Maharashtra,Kurankhed
Maharashtra,Kurduvadi
Maharashtra,Kusumba
Maharashtra,Lakhandur
Maharashtra,Lanja
Maharashtra,Lasalgaon
Maharashtra,Latur
Maharashtra,Lavasa
Maharashtra,Lohogaon
Maharashtra,Lonar
Maharashtra,Lonavla
Maharashtra,Mahabaleshwar
Maharashtra,Mahad
Maharashtra,Mahape
Maharashtra,Mahim
Maharashtra,Maindargi
Maharashtra,Majalgaon
Maharashtra,Makhjan
Maharashtra,Malabar Hill
Maharashtra,Malad
Maharashtra,Malegaon
Maharashtra,Malkapur
Maharashtra,Malvan
Maharashtra,Manchar
Maharashtra,Mandangad
Maharashtra,Mandhal
Maharashtra,Mandwa
Maharashtra,Mangaon
Maharashtra,Mangrul Pir
Maharashtra,Manjlegaon
Maharashtra,Mankeshwar
Maharashtra,Mankhurd
Maharashtra,Manmad
Maharashtra,Manor
Maharashtra,Mansar
Maharashtra,Manwat
Maharashtra,Manwath
Maharashtra,Maregaon
Maharashtra,Mastiholi
Maharashtra,"Masur, India"
Maharashtra,Matheran
Maharashtra,Matunga
Maharashtra,Mazagaon
Maharashtra,Mehekar
Maharashtra,Mehergaon
Maharashtra,Mehkar
Maharashtra,Mhasla
Maharashtra,Mhasvad
Maharashtra,Miraj
Maharashtra,Mohadi
Maharashtra,Mohol
Maharashtra,Mohpa
Maharashtra,Mokhada taluka
Maharashtra,"Mora, Maharashtra"
Maharashtra,Moram
Maharashtra,Morsi
Maharashtra,Mowad
Maharashtra,Mudkhed
Maharashtra,Mukher
Maharashtra,Mul
Maharashtra,Mulher
Maharashtra,Mulund
Maharashtra,Mumbai
Maharashtra,Mumbai Suburban
Maharashtra,Murbad
Maharashtra,Murgud
Maharashtra,Murtajapur
Maharashtra,Murud (Raigad)
Maharashtra,Murud (Ratnagiri)
Maharashtra,Murum
Maharashtra,Nadgaon
Maharashtra,Nagapur
Maharashtra,Nagothana
Maharashtra,Nagpur
Maharashtra,Nagpur Division
Maharashtra,Nala Sopara
Maharashtra,Naldurg
Maharashtra,Nalegaon
Maharashtra,Nampur
Maharashtra,Nanded
Maharashtra,Nandgaon
Maharashtra,Nandnee
Maharashtra,Nandura
Maharashtra,Nandura Buzurg
Maharashtra,Nandurbar
Maharashtra,Narayangaon
Maharashtra,Nardana
Maharashtra,Nariman Point
Maharashtra,Narkhed
Maharashtra,Nashik
Maharashtra,Nashik Division
Maharashtra,Navapur
Maharashtra,Navi Mumbai
Maharashtra,Neral
Maharashtra,Nerur
Maharashtra,Nevasa
Maharashtra,Nighoj
Maharashtra,Nilanga
Maharashtra,Nipani
Maharashtra,Niphad
Maharashtra,Nira Narsingpur
Maharashtra,Osmanabad
Maharashtra,Ozar
Maharashtra,Pabal
Maharashtra,Pachora
Maharashtra,"Pahur, Maharashtra"
Maharashtra,Paithan
Maharashtra,Palghar
Maharashtra,"Pali, Raigad"
Maharashtra,Palso
Maharashtra,Panchgani
Maharashtra,Pandharpur
Maharashtra,Pandhurli
Maharashtra,Panhala
Maharashtra,Panvel
Maharashtra,Parbhani
Maharashtra,Parel
Maharashtra,Parli Vaijnath
Maharashtra,Parner
Maharashtra,Parola
Maharashtra,Parseoni
Maharashtra,Partur
Maharashtra,Patan
Maharashtra,Pathardi
Maharashtra,Pathri
Maharashtra,Patur
Maharashtra,Paturda
Maharashtra,Paud
Maharashtra,Pauni
Maharashtra,Pawni
Maharashtra,Pedgaon
Maharashtra,Peint
Maharashtra,Pen
Maharashtra,Phaltan
Maharashtra,Phulambri
Maharashtra,Piliv
Maharashtra,Pimpalgaon Baswant
Maharashtra,Pimpalgaon Raja
Maharashtra,Pimpri
Maharashtra,Pimpri-Chinchwad
Maharashtra,Pipri
Maharashtra,Powai
Maharashtra,Prabhadevi
Maharashtra,Prakasha
Maharashtra,Pulgaon
Maharashtra,Pune
Maharashtra,Pune Division
Maharashtra,Puntamba
Maharashtra,Pural
Maharashtra,Purna
Maharashtra,Pusad
Maharashtra,Radhanagari
Maharashtra,Rahata
Maharashtra,Rahimatpur
Maharashtra,Rahuri
Maharashtra,Raigarh
Maharashtra,Raireshwar
Maharashtra,Rajapur
Maharashtra,Rajgurunagar
Maharashtra,Rajur
Maharashtra,Rajura
Maharashtra,Ralegaon
Maharashtra,Ramewadi
Maharashtra,Ramtek
Maharashtra,Ratnagiri
Maharashtra,Raver
Maharashtra,Renapur
Maharashtra,Renavi
Maharashtra,Revadanda
Maharashtra,Revdanda
Maharashtra,Risod
Maharashtra,Roha
Maharashtra,Sailu
Maharashtra,Sakol
Maharashtra,Sakoli
Maharashtra,Sakri
Maharashtra,Samudrapur
Maharashtra,Sangameshwar
Maharashtra,Sangamner
Maharashtra,Sangli
Maharashtra,Sangola
Maharashtra,Sangole
Maharashtra,"Sangrampur, Maharashtra"
Maharashtra,Saoli
Maharashtra,Saoner
Maharashtra,Sarangkheda
Maharashtra,Sasvad
Maharashtra,Saswad
Maharashtra,Satana
Maharashtra,Satara
Maharashtra,Satara Division
Maharashtra,Satpati
Maharashtra,Savantvadi
Maharashtra,Savda
Maharashtra,Savlaj
Maharashtra,Sawantvadi
Maharashtra,Selu
Maharashtra,Sevagram
Maharashtra,Sewri
Maharashtra,Shahada
Maharashtra,Shahapur
Maharashtra,Shedbal
Maharashtra,Shegaon
Maharashtra,Shevgaon
Maharashtra,Shikrapur
Maharashtra,Shiraguppi
Maharashtra,Shirala
Maharashtra,Shirdi
Maharashtra,Shirgaon
Maharashtra,Shirol
Maharashtra,Shirpur
Maharashtra,Shirud
Maharashtra,Shirwal
Maharashtra,Shivaji Nagar
Maharashtra,Shrigonda
Maharashtra,Sillod
Maharashtra,Sindewahi
Maharashtra,Sindhudurg
Maharashtra,Sindi
Maharashtra,Sindkheda
Maharashtra,Sinnar
Maharashtra,"Sion, Mumbai"
Maharashtra,Sironcha
Maharashtra,Sirur
Maharashtra,"Sivala, East Godavari district"
Maharashtra,Solapur
Maharashtra,Sonala
Maharashtra,Sonegaon
Maharashtra,Songir
Maharashtra,Sonvad
Maharashtra,Soygaon
Maharashtra,Srivardhan
Maharashtra,Surgana
Maharashtra,Taklibhan
Maharashtra,Talbid
Maharashtra,Talegaon Dabhade
Maharashtra,Talegaon Dhamdhere
Maharashtra,Taloda
Maharashtra,Talode
Maharashtra,Tarapur
Maharashtra,Tardeo
Maharashtra,Tasgaon
Maharashtra,Telhara
Maharashtra,Thalner
Maharashtra,Thane
Maharashtra,Trimbak
Maharashtra,Trombay
Maharashtra,Tuljapur
Maharashtra,Tumsar
Maharashtra,Udgir
Maharashtra,Ulhasnagar
Maharashtra,Umarga
Maharashtra,Umarkhed
Maharashtra,Umred
Maharashtra,Uran
Maharashtra,Uruli Kanchan
Maharashtra,Vada
Maharashtra,Vadgaon
Maharashtra,Vadner
Maharashtra,Vaijapur
Maharashtra,Vairag
Maharashtra,Valsang
Maharashtra,Vangaon
Maharashtra,Varangaon
Maharashtra,Vashi
Maharashtra,Vasind
Maharashtra,Vatul
Maharashtra,"Velas, Maharashtra"
Maharashtra,Velneshwar
Maharashtra,Vengurla
Maharashtra,Vijaydurg
Maharashtra,Vikhroli
Maharashtra,Vile Parle
Maharashtra,Vinchur
Maharashtra,Virar
Maharashtra,"Vita, Maharashtra"
Maharashtra,Vite
Maharashtra,Wadala
Maharashtra,Wadgaon
Maharashtra,Wadner
Maharashtra,Wadwani
Maharashtra,Wagholi
Maharashtra,Wai
Maharashtra,Wakad
Maharashtra,Walgaon
Maharashtra,Walki
Maharashtra,Wani
Maharashtra,Wardha
Maharashtra,Warora
Maharashtra,Warud
Maharashtra,Washim
Maharashtra,Worli
Maharashtra,Yaval
Maharashtra,Yavatmal
Maharashtra,Yeola
Manipur,Bishnupur
Manipur,Churachandpur
Manipur,Imphal
Manipur,Kakching
Manipur,Mayang Imphal
Manipur,Moirang
Manipur,Phek
Manipur,Senapati
Manipur,Tamenglong
Manipur,Thoubal
Manipur,Ukhrul
Manipur,Wangjing
Manipur,Yairipok
Meghalaya,Cherrapunji
Meghalaya,East Garo Hills
Meghalaya,East Jaintia Hills
Meghalaya,East Khasi Hills
Meghalaya,Mairang
Meghalaya,Mankachar
Meghalaya,Nongpoh
Meghalaya,Nongstoin
Meghalaya,North Garo Hills
Meghalaya,Ri-Bhoi
Meghalaya,Shillong
Meghalaya,South Garo Hills
Meghalaya,South West Garo Hills
Meghalaya,South West Khasi Hills
Meghalaya,Tura
Meghalaya,West Garo Hills
Meghalaya,West Jaintia Hills
Meghalaya,West Khasi Hills
Mizoram,Aizawl
Mizoram,Champhai
Mizoram,Darlawn
Mizoram,Khawhai
Mizoram,Kolasib
Mizoram,Kolasib district
Mizoram,Lawngtlai
Mizoram,Lunglei
Mizoram,Mamit
Mizoram,North Vanlaiphai
Mizoram,Saiha
Mizoram,Sairang
Mizoram,Saitlaw
Mizoram,Serchhip
Mizoram,Thenzawl
Nagaland,Dimapur
Nagaland,Kohima
Nagaland,Mokokchung
Nagaland,Mon
Nagaland,Peren
Nagaland,Phek
Nagaland,Tuensang
Nagaland,Tuensang District
Nagaland,Wokha
Nagaland,Zunheboto
Odisha,Angul
Odisha,Angul District
Odisha,Asika
Odisha,Athagarh
Odisha,Bada Barabil
Odisha,Balangir
Odisha,Balasore
Odisha,Baleshwar
Odisha,Balimila
Odisha,Balugaon
Odisha,Banapur
Odisha,Banki
Odisha,Banposh
Odisha,Baragarh
Odisha,Barbil
Odisha,Bargarh
Odisha,Barpali
Odisha,Basudebpur
Odisha,Baud
Odisha,Baudh
Odisha,Belaguntha
Odisha,Bhadrak
Odisha,Bhadrakh
Odisha,Bhanjanagar
Odisha,Bhawanipatna
Odisha,Bhuban
Odisha,Bhubaneshwar
Odisha,Binka
Odisha,Birmitrapur
Odisha,Bolanikhodan
Odisha,Brahmapur
Odisha,Brajarajnagar
Odisha,Buguda
Odisha,Burla
Odisha,Champua
Odisha,Chandbali
Odisha,Chatrapur
Odisha,Chikitigarh
Odisha,Chittarkonda
Odisha,Cuttack
Odisha,Daitari
Odisha,Deogarh
Odisha,Dhenkanal
Odisha,Digapahandi
Odisha,Gajapati
Odisha,Ganjam
Odisha,Gopalpur
Odisha,Gudari
Odisha,Gunupur
Odisha,Hinjilikatu
Odisha,Hirakud
Odisha,Jagatsinghapur
Odisha,Jagatsinghpur
Odisha,Jajpur
Odisha,Jaleshwar
Odisha,Jatani
Odisha,Jeypore
Odisha,Jharsuguda
Odisha,Jharsuguda District
Odisha,Kaintragarh
Odisha,Kalahandi
Odisha,Kamakhyanagar
Odisha,Kandhamal
Odisha,Kantabanji
Odisha,Kantilo
Odisha,Kendrapara
Odisha,Kendraparha
Odisha,Kendujhar
Odisha,Kesinga
Odisha,Khallikot
Odisha,Kharhial
Odisha,Khordha
Odisha,Khurda
Odisha,Kiri Buru
Odisha,Kodala
Odisha,Konarka
Odisha,Koraput
Odisha,Kuchaiburi
Odisha,Kuchinda
Odisha,Malakanagiri
Odisha,Malkangiri
Odisha,Mayurbhanj
Odisha,Nabarangpur
Odisha,Nayagarh
Odisha,Nayagarh District
Odisha,Nilgiri
Odisha,Nimaparha
Odisha,Nowrangapur
Odisha,Nuapada
Odisha,Padampur
Odisha,Paradip Garh
Odisha,Patamundai
Odisha,Patnagarh
Odisha,Phulbani
Odisha,Pipili
Odisha,Polasara
Odisha,Puri
Odisha,Purushottampur
Odisha,Rambha
Odisha,Raurkela
Odisha,Rayagada
Odisha,Remuna
Odisha,Rengali
Odisha,Sambalpur
Odisha,Sonepur
Odisha,Sorada
Odisha,Soro
Odisha,Subarnapur
Odisha,Sundargarh
Odisha,Talcher
Odisha,Tarabha
Odisha,Titlagarh
Odisha,Udayagiri
Puducherry,Karaikal
Puducherry,Mahe
Puducherry,Puducherry
Puducherry,Yanam
Punjab,Abohar
Punjab,Adampur
Punjab,Ajitgarh
Punjab,Ajnala
Punjab,Akalgarh
Punjab,Alawalpur
Punjab,Amloh
Punjab,Amritsar
Punjab,Anandpur Sahib
Punjab,Badhni Kalan
Punjab,Bagha Purana
Punjab,Bakloh
Punjab,Balachor
Punjab,Banga
Punjab,Banur
Punjab,Barnala
Punjab,Batala
Punjab,Begowal
Punjab,Bhadaur
Punjab,Bhatinda
Punjab,Bhawanigarh
Punjab,Bhikhi
Punjab,Bhogpur
Punjab,Bholath
Punjab,Budhlada
Punjab,Chima
Punjab,Dasuya
Punjab,Dera Baba Nanak
Punjab,Dera Bassi
Punjab,Dhanaula
Punjab,Dhariwal
Punjab,Dhilwan
Punjab,Dhudi
Punjab,Dhuri
Punjab,Dina Nagar
Punjab,Dirba
Punjab,Doraha
Punjab,Faridkot
Punjab,Fatehgarh Churian
Punjab,Fatehgarh Sahib
Punjab,Fazilka
Punjab,Firozpur
Punjab,Firozpur District
Punjab,Gardhiwala
Punjab,Garhshankar
Punjab,Ghanaur
Punjab,Giddarbaha
Punjab,Gurdaspur
Punjab,Guru Har Sahai
Punjab,Hajipur
Punjab,Hariana
Punjab,Hoshiarpur
Punjab,Ishanpur
Punjab,Jagraon
Punjab,Jaito
Punjab,Jalalabad
Punjab,Jalandhar
Punjab,Jandiala
Punjab,Jandiala Guru
Punjab,Kalanaur
Punjab,Kapurthala
Punjab,Kartarpur
Punjab,Khamanon
Punjab,Khanna
Punjab,Kharar
Punjab,Khemkaran
Punjab,Kot Isa Khan
Punjab,Kotkapura
Punjab,Laungowal
Punjab,Ludhiana
Punjab,Machhiwara
Punjab,Majitha
Punjab,Makhu
Punjab,Malaut
Punjab,Malerkotla
Punjab,Mansa
Punjab,Maur Mandi
Punjab,Moga
Punjab,Mohali
Punjab,Morinda
Punjab,Mukerian
Punjab,Nabha
Punjab,Nakodar
Punjab,Nangal
Punjab,Nawanshahr
Punjab,Nurmahal
Punjab,Nurpur Kalan
Punjab,Pathankot
Punjab,Patiala
Punjab,Patti
Punjab,Phagwara
Punjab,Phillaur
Punjab,Qadian
Punjab,Rahon
Punjab,Raikot
Punjab,Rajasansi
Punjab,Rajpura
Punjab,Ram Das
Punjab,Rampura
Punjab,Rupnagar
Punjab,Samrala
Punjab,Sanaur
Punjab,Sangrur
Punjab,Sardulgarh
Punjab,Shahid Bhagat Singh Nagar
Punjab,Shahkot
Punjab,Sham Churasi
Punjab,Sirhind-Fategarh
Punjab,Sri Muktsar Sahib
Punjab,Sultanpur Lodhi
Punjab,Sunam
Punjab,Talwandi Bhai
Punjab,Talwara
Punjab,Tarn Taran Sahib
Punjab,Zira
Rajasthan,Abhaneri
Rajasthan,Abu
Rajasthan,Abu Road
Rajasthan,Ajmer
Rajasthan,Aklera
Rajasthan,Alwar
Rajasthan,Amet
Rajasthan,Anta
Rajasthan,Anupgarh
Rajasthan,Asind
Rajasthan,Bagar
Rajasthan,Bakani
Rajasthan,Bali
Rajasthan,Balotra
Rajasthan,Bandikui
Rajasthan,Banswara
Rajasthan,Baran
Rajasthan,Bari
Rajasthan,Bari Sadri
Rajasthan,Barmer
Rajasthan,Basi
Rajasthan,Basni
Rajasthan,Baswa
Rajasthan,Bayana
Rajasthan,Beawar
Rajasthan,Begun
Rajasthan,Behror
Rajasthan,Bhadasar
Rajasthan,Bhadra
Rajasthan,Bharatpur
Rajasthan,Bhasawar
Rajasthan,Bhilwara
Rajasthan,Bhindar
Rajasthan,Bhinmal
Rajasthan,Bhiwadi
Rajasthan,Bhuma
Rajasthan,Bikaner
Rajasthan,Bilara
Rajasthan,Bissau
Rajasthan,Borkhera
Rajasthan,Bundi
Rajasthan,Chaksu
Rajasthan,Chechat
Rajasthan,Chhabra
Rajasthan,Chhapar
Rajasthan,Chhoti Sadri
Rajasthan,Chidawa
Rajasthan,Chittaurgarh
Rajasthan,Churu
Rajasthan,Dariba
Rajasthan,Dausa
Rajasthan,Deoli
Rajasthan,Deshnoke
Rajasthan,Devgarh
Rajasthan,Dhaulpur
Rajasthan,Didwana
Rajasthan,Dig
Rajasthan,Dungarpur
Rajasthan,Fatehpur
Rajasthan,Galiakot
Rajasthan,Ganganagar
Rajasthan,Gangapur
Rajasthan,Govindgarh
Rajasthan,Gulabpura
Rajasthan,Hanumangarh
Rajasthan,Hindaun
Rajasthan,Jahazpur
Rajasthan,Jaipur
Rajasthan,Jaisalmer
Rajasthan,Jaitaran
Rajasthan,Jalor
Rajasthan,Jalore
Rajasthan,Jhalawar
Rajasthan,Jhalrapatan
Rajasthan,Jhunjhunun
Rajasthan,Jobner
Rajasthan,Jodhpur
Rajasthan,Kaman
Rajasthan,Kanor
Rajasthan,Kapren
Rajasthan,Karanpur
Rajasthan,Karauli
Rajasthan,Kekri
Rajasthan,Keshorai Patan
Rajasthan,Khandela
Rajasthan,Khanpur
Rajasthan,Khetri
Rajasthan,Kishangarh
Rajasthan,Kota
Rajasthan,Kotputli
Rajasthan,Kuchaman
Rajasthan,Kuchera
Rajasthan,Kumher
Rajasthan,Kushalgarh
Rajasthan,Lachhmangarh Sikar
Rajasthan,Ladnun
Rajasthan,Lakheri
Rajasthan,Lalsot
Rajasthan,Losal
Rajasthan,Mahwah
Rajasthan,Makrana
Rajasthan,Malpura
Rajasthan,Mandal
Rajasthan,Mandalgarh
Rajasthan,Mandawar
Rajasthan,Mangrol
Rajasthan,Manohar Thana
Rajasthan,Manoharpur
Rajasthan,Meethari Marwar
Rajasthan,Merta
Rajasthan,Mundwa
Rajasthan,Nadbai
Rajasthan,Nagar
Rajasthan,Nagaur
Rajasthan,Nainwa
Rajasthan,Napasar
Rajasthan,Naraina
Rajasthan,Nasirabad
Rajasthan,Nathdwara
Rajasthan,Nawa
Rajasthan,Nawalgarh
Rajasthan,Neem ka Thana
Rajasthan,Nimaj
Rajasthan,Nimbahera
Rajasthan,Niwai
Rajasthan,Nohar
Rajasthan,Nokha
Rajasthan,Padampur
Rajasthan,Pali
Rajasthan,Partapur
Rajasthan,Parvatsar
Rajasthan,Phalodi
Rajasthan,Phulera
Rajasthan,Pilani
Rajasthan,Pilibangan
Rajasthan,Pindwara
Rajasthan,Pipar
Rajasthan,Pirawa
Rajasthan,Pokaran
Rajasthan,Pratapgarh
Rajasthan,Pushkar
Rajasthan,Raipur
Rajasthan,Raisinghnagar
Rajasthan,Rajakhera
Rajasthan,Rajaldesar
Rajasthan,Rajgarh
Rajasthan,Rajsamand
Rajasthan,Ramganj Mandi
Rajasthan,Ramgarh
Rajasthan,Rani
Rajasthan,Ratangarh
Rajasthan,Rawatbhata
Rajasthan,Rawatsar
Rajasthan,Ringas
Rajasthan,Sadri
Rajasthan,Salumbar
Rajasthan,Sambhar
Rajasthan,Samdari
Rajasthan,Sanchor
Rajasthan,Sangaria
Rajasthan,Sangod
Rajasthan,Sardarshahr
Rajasthan,Sarwar
Rajasthan,Sawai Madhopur
Rajasthan,Shahpura
Rajasthan,Sheoganj
Rajasthan,Sikar
Rajasthan,Sirohi
Rajasthan,Siwana
Rajasthan,Sojat
Rajasthan,Sri Dungargarh
Rajasthan,Sri Madhopur
Rajasthan,Sujangarh
Rajasthan,Suket
Rajasthan,Sunel
Rajasthan,Surajgarh
Rajasthan,Suratgarh
Rajasthan,Takhatgarh
Rajasthan,Taranagar
Rajasthan,Tijara
Rajasthan,Todabhim
Rajasthan,Todaraisingh
Rajasthan,Tonk
Rajasthan,Udaipur
Rajasthan,Udpura
Rajasthan,Uniara
Rajasthan,Wer
Sikkim,East District
Sikkim,Gangtok
Sikkim,Gyalshing
Sikkim,Jorethang
Sikkim,Mangan
Sikkim,Namchi
Sikkim,Naya Bazar
Sikkim,North District
Sikkim,Rangpo
Sikkim,Singtam
Sikkim,South District
Sikkim,West District
Tamil Nadu,Abiramam
Tamil Nadu,Adirampattinam
Tamil Nadu,Aduthurai
Tamil Nadu,Alagapuram
Tamil Nadu,Alandur
Tamil Nadu,Alanganallur
Tamil Nadu,Alangayam
Tamil Nadu,Alangudi
Tamil Nadu,Alangulam
Tamil Nadu,Alappakkam
Tamil Nadu,Alwa Tirunagari
Tamil Nadu,Ambasamudram
Tamil Nadu,Ambattur
Tamil Nadu,Ambur
Tamil Nadu,Ammapettai
Tamil Nadu,Anamalais
Tamil Nadu,Andippatti
Tamil Nadu,Annamalainagar
Tamil Nadu,Annavasal
Tamil Nadu,Annur
Tamil Nadu,Anthiyur
Tamil Nadu,Arakkonam
Tamil Nadu,Arantangi
Tamil Nadu,Arcot
Tamil Nadu,Arimalam
Tamil Nadu,Ariyalur
Tamil Nadu,Arni
Tamil Nadu,Arumbavur
Tamil Nadu,Arumuganeri
Tamil Nadu,Aruppukkottai
Tamil Nadu,Aruvankad
Tamil Nadu,Attayyampatti
Tamil Nadu,Attur
Tamil Nadu,Auroville
Tamil Nadu,Avadi
Tamil Nadu,Avinashi
Tamil Nadu,Ayakudi
Tamil Nadu,Ayyampettai
Tamil Nadu,Belur
Tamil Nadu,Bhavani
Tamil Nadu,Bodinayakkanur
Tamil Nadu,Chengam
Tamil Nadu,Chennai
Tamil Nadu,Chennimalai
Tamil Nadu,Chetput
Tamil Nadu,Chettipalaiyam
Tamil Nadu,Cheyyar
Tamil Nadu,Cheyyur
Tamil Nadu,Chidambaram
Tamil Nadu,Chingleput
Tamil Nadu,Chinna Salem
Tamil Nadu,Chinnamanur
Tamil Nadu,Chinnasekkadu
Tamil Nadu,Cholapuram
Tamil Nadu,Coimbatore
Tamil Nadu,Colachel
Tamil Nadu,Cuddalore
Tamil Nadu,Cumbum
Tamil Nadu,Denkanikota
Tamil Nadu,Desur
Tamil Nadu,Devadanappatti
Tamil Nadu,Devakottai
Tamil Nadu,Dhali
Tamil Nadu,Dharapuram
Tamil Nadu,Dharmapuri
Tamil Nadu,Dindigul
Tamil Nadu,Dusi
Tamil Nadu,Elayirampannai
Tamil Nadu,Elumalai
Tamil Nadu,Eral
Tamil Nadu,Eraniel
Tamil Nadu,Erode
Tamil Nadu,Erumaippatti
Tamil Nadu,Ettaiyapuram
Tamil Nadu,Gandhi Nagar
Tamil Nadu,Gangaikondan
Tamil Nadu,Gangavalli
Tamil Nadu,Gingee
Tamil Nadu,Gobichettipalayam
Tamil Nadu,Gudalur
Tamil Nadu,Gudiyatham
Tamil Nadu,Guduvancheri
Tamil Nadu,Gummidipundi
Tamil Nadu,Harur
Tamil Nadu,Hosur
Tamil Nadu,Idappadi
Tamil Nadu,Ilampillai
Tamil Nadu,Iluppur
Tamil Nadu,Injambakkam
Tamil Nadu,Irugur
Tamil Nadu,Jalakandapuram
Tamil Nadu,Jalarpet
Tamil Nadu,Jayamkondacholapuram
Tamil Nadu,Kadambur
Tamil Nadu,Kadayanallur
Tamil Nadu,Kalakkadu
Tamil Nadu,Kalavai
Tamil Nadu,Kallakkurichchi
Tamil Nadu,Kallidaikurichi
Tamil Nadu,Kallupatti
Tamil Nadu,Kalugumalai
Tamil Nadu,Kamuthi
Tamil Nadu,Kanadukattan
Tamil Nadu,Kancheepuram
Tamil Nadu,Kanchipuram
Tamil Nadu,Kangayam
Tamil Nadu,Kanniyakumari
Tamil Nadu,Karaikkudi
Tamil Nadu,Karamadai
Tamil Nadu,Karambakkudi
Tamil Nadu,Kariapatti
Tamil Nadu,Karumbakkam
Tamil Nadu,Karur
Tamil Nadu,Katpadi
Tamil Nadu,Kattivakkam
Tamil Nadu,Kattupputtur
Tamil Nadu,Kaveripatnam
Tamil Nadu,Kayalpattinam
Tamil Nadu,Kayattar
Tamil Nadu,Keelakarai
Tamil Nadu,Kelamangalam
Tamil Nadu,Kil Bhuvanagiri
Tamil Nadu,Kilvelur
Tamil Nadu,Kiranur
Tamil Nadu,Kodaikanal
Tamil Nadu,Kodumudi
Tamil Nadu,Kombai
Tamil Nadu,Konganapuram
Tamil Nadu,Koothanallur
Tamil Nadu,Koradachcheri
Tamil Nadu,Korampallam
Tamil Nadu,Kotagiri
Tamil Nadu,Kottaiyur
Tamil Nadu,Kovilpatti
Tamil Nadu,Krishnagiri
Tamil Nadu,Kulattur
Tamil Nadu,Kulittalai
Tamil Nadu,Kumaralingam
Tamil Nadu,Kumbakonam
Tamil Nadu,Kunnattur
Tamil Nadu,Kurinjippadi
Tamil Nadu,Kuttalam
Tamil Nadu,Kuzhithurai
Tamil Nadu,Lalgudi
Tamil Nadu,Madambakkam
Tamil Nadu,Madipakkam
Tamil Nadu,Madukkarai
Tamil Nadu,Madukkur
Tamil Nadu,Madurai
Tamil Nadu,Madurantakam
Tamil Nadu,Mallapuram
Tamil Nadu,Mallasamudram
Tamil Nadu,Mallur
Tamil Nadu,Manali
Tamil Nadu,Manalurpettai
Tamil Nadu,Manamadurai
Tamil Nadu,Manappakkam
Tamil Nadu,Manapparai
Tamil Nadu,Manavalakurichi
Tamil Nadu,Mandapam
Tamil Nadu,Mangalam
Tamil Nadu,Mannargudi
Tamil Nadu,Marakkanam
Tamil Nadu,Marandahalli
Tamil Nadu,Masinigudi
Tamil Nadu,Mattur
Tamil Nadu,Mayiladuthurai
Tamil Nadu,Melur
Tamil Nadu,Mettuppalaiyam
Tamil Nadu,Mettur
Tamil Nadu,Minjur
Tamil Nadu,Mohanur
Tamil Nadu,Mudukulattur
Tamil Nadu,Mulanur
Tamil Nadu,Musiri
Tamil Nadu,Muttupet
Tamil Nadu,Naduvattam
Tamil Nadu,Nagapattinam
Tamil Nadu,Nagercoil
Tamil Nadu,Namagiripettai
Tamil Nadu,Namakkal
Tamil Nadu,Nambiyur
Tamil Nadu,Nambutalai
Tamil Nadu,Nandambakkam
Tamil Nadu,Nangavalli
Tamil Nadu,Nangilickondan
Tamil Nadu,Nanguneri
Tamil Nadu,Nannilam
Tamil Nadu,Naravarikuppam
Tamil Nadu,Nattam
Tamil Nadu,Nattarasankottai
Tamil Nadu,Needamangalam
Tamil Nadu,Neelankarai
Tamil Nadu,Negapatam
Tamil Nadu,Nellikkuppam
Tamil Nadu,Nilakottai
Tamil Nadu,Nilgiris
Tamil Nadu,Odugattur
Tamil Nadu,Omalur
Tamil Nadu,Ooty
Tamil Nadu,Padmanabhapuram
Tamil Nadu,Palakkodu
Tamil Nadu,Palamedu
Tamil Nadu,Palani
Tamil Nadu,Palavakkam
Tamil Nadu,Palladam
Tamil Nadu,Pallappatti
Tamil Nadu,Pallattur
Tamil Nadu,Pallavaram
Tamil Nadu,Pallikondai
Tamil Nadu,Pallipattu
Tamil Nadu,Pallippatti
Tamil Nadu,Panruti
Tamil Nadu,Papanasam
Tamil Nadu,Papireddippatti
Tamil Nadu,Papparappatti
Tamil Nadu,Paramagudi
Tamil Nadu,Pattukkottai
Tamil Nadu,Pennadam
Tamil Nadu,Pennagaram
Tamil Nadu,Pennathur
Tamil Nadu,Peraiyur
Tamil Nadu,Perambalur
Tamil Nadu,Peranamallur
Tamil Nadu,Peranampattu
Tamil Nadu,Peravurani
Tamil Nadu,Periyakulam
Tamil Nadu,Periyanayakkanpalaiyam
Tamil Nadu,Periyanegamam
Tamil Nadu,Periyapatti
Tamil Nadu,Periyapattinam
Tamil Nadu,Perundurai
Tamil Nadu,Perungudi
Tamil Nadu,Perur
Tamil Nadu,Pollachi
Tamil Nadu,Polur
Tamil Nadu,Ponnamaravati
Tamil Nadu,Ponneri
Tamil Nadu,Poonamalle
Tamil Nadu,Porur
Tamil Nadu,Pudukkottai
Tamil Nadu,Puduppatti
Tamil Nadu,Pudur
Tamil Nadu,Puduvayal
Tamil Nadu,Puliyangudi
Tamil Nadu,Puliyur
Tamil Nadu,Pullambadi
Tamil Nadu,Punjai Puliyampatti
Tamil Nadu,Rajapalaiyam
Tamil Nadu,Ramanathapuram
Tamil Nadu,Rameswaram
Tamil Nadu,Ranipet
Tamil Nadu,Rasipuram
Tamil Nadu,Saint Thomas Mount
Tamil Nadu,Salem
Tamil Nadu,Sathankulam
Tamil Nadu,Sathyamangalam
Tamil Nadu,Sattur
Tamil Nadu,Sayalkudi
Tamil Nadu,Seven Pagodas
Tamil Nadu,Sholinghur
Tamil Nadu,Singanallur
Tamil Nadu,Singapperumalkovil
Tamil Nadu,Sirkazhi
Tamil Nadu,Sirumugai
Tamil Nadu,Sivaganga
Tamil Nadu,Sivagiri
Tamil Nadu,Sivakasi
Tamil Nadu,Srimushnam
Tamil Nadu,Sriperumbudur
Tamil Nadu,Srivaikuntam
Tamil Nadu,Srivilliputhur
Tamil Nadu,Suchindram
Tamil Nadu,Sulur
Tamil Nadu,Surandai
Tamil Nadu,Swamimalai
Tamil Nadu,Tambaram
Tamil Nadu,Tanjore
Tamil Nadu,Taramangalam
Tamil Nadu,Tattayyangarpettai
Tamil Nadu,Thanjavur
Tamil Nadu,Tharangambadi
Tamil Nadu,Theni
Tamil Nadu,Thenkasi
Tamil Nadu,Thirukattupalli
Tamil Nadu,Thiruthani
Tamil Nadu,Thiruvaiyaru
Tamil Nadu,Thiruvallur
Tamil Nadu,Thiruvarur
Tamil Nadu,Thiruvidaimaruthur
Tamil Nadu,Thoothukudi
Tamil Nadu,Tindivanam
Tamil Nadu,Tinnanur
Tamil Nadu,Tiruchchendur
Tamil Nadu,Tiruchengode
Tamil Nadu,Tiruchirappalli
Tamil Nadu,Tirukkoyilur
Tamil Nadu,Tirumullaivasal
Tamil Nadu,Tirunelveli
Tamil Nadu,Tirunelveli Kattabo
Tamil Nadu,Tiruppalaikudi
Tamil Nadu,Tirupparangunram
Tamil Nadu,Tiruppur
Tamil Nadu,Tiruppuvanam
Tamil Nadu,Tiruttangal
Tamil Nadu,Tiruvannamalai
Tamil Nadu,Tiruvottiyur
Tamil Nadu,Tisaiyanvilai
Tamil Nadu,Tondi
Tamil Nadu,Turaiyur
Tamil Nadu,Udangudi
Tamil Nadu,Udumalaippettai
Tamil Nadu,Uppiliyapuram
Tamil Nadu,Usilampatti
Tamil Nadu,Uttamapalaiyam
Tamil Nadu,Uttiramerur
Tamil Nadu,Uttukkuli
Tamil Nadu,V.S.K.Valasai (Dindigul-Dist.)
Tamil Nadu,Vadakku Valliyur
Tamil Nadu,Vadakku Viravanallur
Tamil Nadu,Vadamadurai
Tamil Nadu,Vadippatti
Tamil Nadu,Valangaiman
Tamil Nadu,Valavanur
Tamil Nadu,Vallam
Tamil Nadu,Valparai
Tamil Nadu,Vandalur
Tamil Nadu,Vandavasi
Tamil Nadu,Vaniyambadi
Tamil Nadu,Vasudevanallur
Tamil Nadu,Vattalkundu
Tamil Nadu,Vedaraniyam
Tamil Nadu,Vedasandur
Tamil Nadu,Velankanni
Tamil Nadu,Vellanur
Tamil Nadu,Vellore
Tamil Nadu,Velur
Tamil Nadu,Vengavasal
Tamil Nadu,Vettaikkaranpudur
Tamil Nadu,Vettavalam
Tamil Nadu,Vijayapuri
Tamil Nadu,Vikravandi
Tamil Nadu,Vilattikulam
Tamil Nadu,Villupuram
Tamil Nadu,Viraganur
Tamil Nadu,Virudhunagar
Tamil Nadu,Vriddhachalam
Tamil Nadu,Walajapet
Tamil Nadu,Wallajahbad
Tamil Nadu,Wellington
Telangana,Adilabad
Telangana,Alampur
Telangana,Andol
Telangana,Asifabad
Telangana,Balapur
Telangana,Banswada
Telangana,Bellampalli
Telangana,Bhadrachalam
Telangana,Bhadradri Kothagudem
Telangana,Bhaisa
Telangana,Bhongir
Telangana,Bodhan
Telangana,Chandur
Telangana,Chatakonda
Telangana,Dasnapur
Telangana,Devarkonda
Telangana,Dornakal
Telangana,Farrukhnagar
Telangana,Gaddi Annaram
Telangana,Gadwal
Telangana,Ghatkesar
Telangana,Gopalur
Telangana,Gudur
Telangana,Hyderabad
Telangana,Jagtial
Telangana,Jangaon
Telangana,Jangoan
Telangana,Jayashankar Bhupalapally
Telangana,Jogulamba Gadwal
Telangana,Kagaznagar
Telangana,Kamareddi
Telangana,Kamareddy
Telangana,Karimnagar
Telangana,Khammam
Telangana,Kodar
Telangana,Koratla
Telangana,Kothapet
Telangana,Kottagudem
Telangana,Kottapalli
Telangana,Kukatpalli
Telangana,Kyathampalle
Telangana,Lakshettipet
Telangana,Lal Bahadur Nagar
Telangana,Mahabubabad
Telangana,Mahbubnagar
Telangana,Malkajgiri
Telangana,Mancheral
Telangana,Mandamarri
Telangana,Manthani
Telangana,Manuguru
Telangana,Medak
Telangana,Medchal
Telangana,Medchal Malkajgiri
Telangana,Mirialguda
Telangana,Nagar Karnul
Telangana,Nalgonda
Telangana,Narayanpet
Telangana,Narsingi
Telangana,Naspur
Telangana,Nirmal
Telangana,Nizamabad
Telangana,Paloncha
Telangana,Palwancha
Telangana,Patancheru
Telangana,Peddapalli
Telangana,Quthbullapur
Telangana,Rajanna Sircilla
Telangana,Ramagundam
Telangana,Ramgundam
Telangana,Rangareddi
Telangana,Sadaseopet
Telangana,Sangareddi
Telangana,Sathupalli
Telangana,Secunderabad
Telangana,Serilingampalle
Telangana,Siddipet
Telangana,Singapur
Telangana,Sirpur
Telangana,Sirsilla
Telangana,Sriramnagar
Telangana,Suriapet
Telangana,Tandur
Telangana,Uppal Kalan
Telangana,Vemalwada
Telangana,Vikarabad
Telangana,Wanparti
Telangana,Warangal
Telangana,Yellandu
Telangana,Zahirabad
Tripura,Agartala
Tripura,Amarpur
Tripura,Ambasa
Tripura,Barjala
Tripura,Belonia
Tripura,Dhalai
Tripura,Dharmanagar
Tripura,Gomati
Tripura,Kailashahar
Tripura,Kamalpur
Tripura,Khowai
Tripura,North Tripura
Tripura,Ranir Bazar
Tripura,Sabrum
Tripura,Sonamura
Tripura,South Tripura
Tripura,Udaipur
Tripura,Unakoti
Tripura,West Tripura
Uttar Pradesh,Achhnera
Uttar Pradesh,Afzalgarh
Uttar Pradesh,Agra
Uttar Pradesh,Ahraura
Uttar Pradesh,Aidalpur
Uttar Pradesh,Airwa
Uttar Pradesh,Akbarpur
Uttar Pradesh,Akola
Uttar Pradesh,Aliganj
Uttar Pradesh,Aligarh
Uttar Pradesh,Allahabad
Uttar Pradesh,Allahganj
Uttar Pradesh,Amanpur
Uttar Pradesh,Amauli
Uttar Pradesh,Ambahta
Uttar Pradesh,Ambedkar Nagar
Uttar Pradesh,Amethi
Uttar Pradesh,Amroha
Uttar Pradesh,Anandnagar
Uttar Pradesh,Antu
Uttar Pradesh,Anupshahr
Uttar Pradesh,Aonla
Uttar Pradesh,Araul
Uttar Pradesh,Asalatganj
Uttar Pradesh,Atarra
Uttar Pradesh,Atrauli
Uttar Pradesh,Atraulia
Uttar Pradesh,Auraiya
Uttar Pradesh,Auras
Uttar Pradesh,Ayodhya
Uttar Pradesh,Azamgarh
Uttar Pradesh,Azizpur
Uttar Pradesh,Baberu
Uttar Pradesh,Babina
Uttar Pradesh,Babrala
Uttar Pradesh,Babugarh
Uttar Pradesh,Bachhraon
Uttar Pradesh,Bachhrawan
Uttar Pradesh,Baghpat
Uttar Pradesh,Baghra
Uttar Pradesh,Bah
Uttar Pradesh,Baheri
Uttar Pradesh,Bahjoi
Uttar Pradesh,Bahraich
Uttar Pradesh,Bahraigh
Uttar Pradesh,Bahsuma
Uttar Pradesh,Bahua
Uttar Pradesh,Bajna
Uttar Pradesh,Bakewar
Uttar Pradesh,Baksar
Uttar Pradesh,Balamau
Uttar Pradesh,Baldeo
Uttar Pradesh,Baldev
Uttar Pradesh,Ballia
Uttar Pradesh,Balrampur
Uttar Pradesh,Banat
Uttar Pradesh,Banbasa
Uttar Pradesh,Banda
Uttar Pradesh,Bangarmau
Uttar Pradesh,Bansdih
Uttar Pradesh,Bansgaon
Uttar Pradesh,Bansi
Uttar Pradesh,Banthra
Uttar Pradesh,Bara Banki
Uttar Pradesh,Baragaon
Uttar Pradesh,Baraut
Uttar Pradesh,Bareilly
Uttar Pradesh,Barhalganj
Uttar Pradesh,Barkhera
Uttar Pradesh,Barkhera Kalan
Uttar Pradesh,Barokhar
Uttar Pradesh,Barsana
Uttar Pradesh,Barwar (Lakhimpur Kheri)
Uttar Pradesh,Basti
Uttar Pradesh,Behat
Uttar Pradesh,Bela
Uttar Pradesh,Belthara
Uttar Pradesh,Beniganj
Uttar Pradesh,Beswan
Uttar Pradesh,Bewar
Uttar Pradesh,Bhadarsa
Uttar Pradesh,Bhadohi
Uttar Pradesh,Bhagwantnagar
Uttar Pradesh,Bharatpura
Uttar Pradesh,Bhargain
Uttar Pradesh,Bharthana
Uttar Pradesh,Bharwari
Uttar Pradesh,Bhaupur
Uttar Pradesh,Bhimtal
Uttar Pradesh,Bhinga
Uttar Pradesh,Bhognipur
Uttar Pradesh,Bhongaon
Uttar Pradesh,Bidhnu
Uttar Pradesh,Bidhuna
Uttar Pradesh,Bighapur
Uttar Pradesh,Bighapur Khurd
Uttar Pradesh,Bijnor
Uttar Pradesh,Bikapur
Uttar Pradesh,Bilari
Uttar Pradesh,Bilariaganj
Uttar Pradesh,Bilaspur
Uttar Pradesh,Bilgram
Uttar Pradesh,Bilhaur
Uttar Pradesh,Bilsanda
Uttar Pradesh,Bilsi
Uttar Pradesh,Bilthra
Uttar Pradesh,Binauli
Uttar Pradesh,Binaur
Uttar Pradesh,Bindki
Uttar Pradesh,Birdpur
Uttar Pradesh,Birpur
Uttar Pradesh,Bisalpur
Uttar Pradesh,Bisanda Buzurg
Uttar Pradesh,Bisauli
Uttar Pradesh,Bisenda Buzurg
Uttar Pradesh,Bishunpur Urf Maharajganj
Uttar Pradesh,Biswan
Uttar Pradesh,Bithur
Uttar Pradesh,Budaun
Uttar Pradesh,Budhana
Uttar Pradesh,Bulandshahr
Uttar Pradesh,Captainganj
Uttar Pradesh,Chail
Uttar Pradesh,Chakia
Uttar Pradesh,Chandauli
Uttar Pradesh,Chandauli District
Uttar Pradesh,Chandausi
Uttar Pradesh,Chandpur
Uttar Pradesh,Chanduasi
Uttar Pradesh,Charkhari
Uttar Pradesh,Charthawal
Uttar Pradesh,Chhaprauli
Uttar Pradesh,Chharra
Uttar Pradesh,Chhata
Uttar Pradesh,Chhibramau
Uttar Pradesh,Chhitauni
Uttar Pradesh,Chhutmalpur
Uttar Pradesh,Chillupar
Uttar Pradesh,Chirgaon
Uttar Pradesh,Chitrakoot
Uttar Pradesh,Chitrakoot Dham
Uttar Pradesh,Chopan
Uttar Pradesh,Chunar
Uttar Pradesh,Churk
Uttar Pradesh,Colonelganj
Uttar Pradesh,Dadri
Uttar Pradesh,Dalmau
Uttar Pradesh,Dankaur
Uttar Pradesh,Daraganj
Uttar Pradesh,Daranagar
Uttar Pradesh,Dasna
Uttar Pradesh,Dataganj
Uttar Pradesh,Daurala
Uttar Pradesh,Dayal Bagh
Uttar Pradesh,Deoband
Uttar Pradesh,Deogarh
Uttar Pradesh,Deoranian
Uttar Pradesh,Deoria
Uttar Pradesh,Derapur
Uttar Pradesh,Dewa
Uttar Pradesh,Dhampur
Uttar Pradesh,Dhanaura
Uttar Pradesh,Dhanghata
Uttar Pradesh,Dharau
Uttar Pradesh,Dhaurahra
Uttar Pradesh,Dibai
Uttar Pradesh,Divrasai
Uttar Pradesh,Dohrighat
Uttar Pradesh,Domariaganj
Uttar Pradesh,Dostpur
Uttar Pradesh,Dudhi
Uttar Pradesh,Etah
Uttar Pradesh,Etawah
Uttar Pradesh,Etmadpur
Uttar Pradesh,Faizabad
Uttar Pradesh,Farah
Uttar Pradesh,Faridnagar
Uttar Pradesh,Faridpur
Uttar Pradesh,Farrukhabad
Uttar Pradesh,Fatehabad
Uttar Pradesh,Fatehganj West
Uttar Pradesh,Fatehgarh
Uttar Pradesh,Fatehpur
Uttar Pradesh,Fatehpur (Barabanki)
Uttar Pradesh,Fatehpur Chaurasi
Uttar Pradesh,Fatehpur Sikri
Uttar Pradesh,Firozabad
Uttar Pradesh,Fyzabad
Uttar Pradesh,Gahlon
Uttar Pradesh,Gahmar
Uttar Pradesh,Gaini
Uttar Pradesh,Gajraula
Uttar Pradesh,Gangoh
Uttar Pradesh,Ganj Dundawara
Uttar Pradesh,Ganj Dundwara
Uttar Pradesh,Ganj Muradabad
Uttar Pradesh,Garautha
Uttar Pradesh,Garhi Pukhta
Uttar Pradesh,Garhmuktesar
Uttar Pradesh,Garhwa
Uttar Pradesh,Gauriganj
Uttar Pradesh,Gautam Buddha Nagar
Uttar Pradesh,Gawan
Uttar Pradesh,Ghatampur
Uttar Pradesh,Ghaziabad
Uttar Pradesh,Ghazipur
Uttar Pradesh,Ghiror
Uttar Pradesh,Ghorawal
Uttar Pradesh,Ghosi
Uttar Pradesh,Gohand
Uttar Pradesh,Gokul
Uttar Pradesh,Gola Bazar
Uttar Pradesh,Gola Gokarannath
Uttar Pradesh,Gonda
Uttar Pradesh,Gonda (Aligarh)
Uttar Pradesh,Gonda City
Uttar Pradesh,Gopamau
Uttar Pradesh,Gorakhpur
Uttar Pradesh,Gosainganj
Uttar Pradesh,Goshainganj
Uttar Pradesh,Govardhan
Uttar Pradesh,Greater Noida
Uttar Pradesh,Gulaothi
Uttar Pradesh,Gunnaur
Uttar Pradesh,Gursahaiganj
Uttar Pradesh,Gursarai
Uttar Pradesh,Gyanpur
Uttar Pradesh,Haldaur
Uttar Pradesh,Hamirpur
Uttar Pradesh,Handia
Uttar Pradesh,Hapur
Uttar Pradesh,Haraipur
Uttar Pradesh,Haraiya
Uttar Pradesh,Harchandpur
Uttar Pradesh,Hardoi
Uttar Pradesh,Harduaganj
Uttar Pradesh,Hasanpur
Uttar Pradesh,Hastinapur
Uttar Pradesh,Hata
Uttar Pradesh,Hata (India)
Uttar Pradesh,Hathras
Uttar Pradesh,Hulas
Uttar Pradesh,Ibrahimpur
Uttar Pradesh,Iglas
Uttar Pradesh,Ikauna
Uttar Pradesh,Indergarh
Uttar Pradesh,Indragarh
Uttar Pradesh,Islamnagar
Uttar Pradesh,Islamnagar (Badaun)
Uttar Pradesh,Itaunja
Uttar Pradesh,Itimadpur
Uttar Pradesh,Jagdishpur
Uttar Pradesh,Jagnair
Uttar Pradesh,Jahanabad
Uttar Pradesh,Jahanabad (Pilibhit)
Uttar Pradesh,Jahangirabad
Uttar Pradesh,Jahangirpur
Uttar Pradesh,Jainpur
Uttar Pradesh,Jais
Uttar Pradesh,Jalalabad
Uttar Pradesh,Jalali
Uttar Pradesh,Jalalpur
Uttar Pradesh,Jalaun
Uttar Pradesh,Jalesar
Uttar Pradesh,Janghai
Uttar Pradesh,Jansath
Uttar Pradesh,Jarwa
Uttar Pradesh,Jarwal
Uttar Pradesh,Jasrana
Uttar Pradesh,Jaswantnagar
Uttar Pradesh,Jaunpur
Uttar Pradesh,Jewar
Uttar Pradesh,Jhajhar
Uttar Pradesh,Jhalu
Uttar Pradesh,Jhansi
Uttar Pradesh,Jhinjhak
Uttar Pradesh,Jhinjhana
Uttar Pradesh,Jhusi
Uttar Pradesh,Jiyanpur
Uttar Pradesh,Jyotiba Phule Nagar
Uttar Pradesh,Kabrai
Uttar Pradesh,Kachhwa
Uttar Pradesh,Kadaura
Uttar Pradesh,Kadipur
Uttar Pradesh,Kagarol
Uttar Pradesh,Kaimganj
Uttar Pradesh,Kairana
Uttar Pradesh,Kakori
Uttar Pradesh,Kakrala
Uttar Pradesh,Kalinagar
Uttar Pradesh,Kalpi
Uttar Pradesh,Kalyanpur
Uttar Pradesh,Kamalganj
Uttar Pradesh,Kampil
Uttar Pradesh,Kandhla
Uttar Pradesh,Kannauj
Uttar Pradesh,Kanpur
Uttar Pradesh,Kanpur Dehat
Uttar Pradesh,Kant
Uttar Pradesh,Kanth
Uttar Pradesh,Kaptanganj
Uttar Pradesh,Kara
Uttar Pradesh,Karari
Uttar Pradesh,Karbigwan
Uttar Pradesh,Karchana
Uttar Pradesh,Karhal
Uttar Pradesh,Kasganj
Uttar Pradesh,Katra
Uttar Pradesh,Kausani
Uttar Pradesh,Kaushambi District
Uttar Pradesh,Kemri
Uttar Pradesh,Khada
Uttar Pradesh,Khaga
Uttar Pradesh,Khailar
Uttar Pradesh,Khair
Uttar Pradesh,Khairabad
Uttar Pradesh,Khalilabad
Uttar Pradesh,Khanpur
Uttar Pradesh,Kharela
Uttar Pradesh,Khargupur
Uttar Pradesh,Kharkhauda
Uttar Pradesh,Khatauli
Uttar Pradesh,Khekra
Uttar Pradesh,Kheri
Uttar Pradesh,Khudaganj
Uttar Pradesh,Khurja
Uttar Pradesh,Khutar
Uttar Pradesh,Kirakat
Uttar Pradesh,Kiraoli
Uttar Pradesh,Kiratpur
Uttar Pradesh,Kishanpur
Uttar Pradesh,Kishanpur baral
Uttar Pradesh,Kishni
Uttar Pradesh,Kithor
Uttar Pradesh,Konch
Uttar Pradesh,Kopaganj
Uttar Pradesh,Kosi
Uttar Pradesh,Kota
Uttar Pradesh,Kotra
Uttar Pradesh,Kuchesar
Uttar Pradesh,Kudarkot
Uttar Pradesh,Kulpahar
Uttar Pradesh,Kunda
Uttar Pradesh,Kundarkhi
Uttar Pradesh,Kundarki
Uttar Pradesh,Kurara
Uttar Pradesh,"Kurebhar,saidkhanpur"
Uttar Pradesh,Kushinagar
Uttar Pradesh,Kusmara
Uttar Pradesh,Kuthaund
Uttar Pradesh,Laharpur
Uttar Pradesh,Lakhimpur
Uttar Pradesh,Lakhna
Uttar Pradesh,Lalganj
Uttar Pradesh,Lalitpur
Uttar Pradesh,Lambhua
Uttar Pradesh,Lar
Uttar Pradesh,Lawar
Uttar Pradesh,Lawar Khas
Uttar Pradesh,Loni
Uttar Pradesh,Lucknow
Uttar Pradesh,Lucknow District
Uttar Pradesh,Machhali Shahar
Uttar Pradesh,Machhlishahr
Uttar Pradesh,Madhoganj
Uttar Pradesh,Madhogarh
Uttar Pradesh,Maghar
Uttar Pradesh,Mahaban
Uttar Pradesh,Maharajganj
Uttar Pradesh,Mahmudabad
Uttar Pradesh,Mahoba
Uttar Pradesh,Maholi
Uttar Pradesh,Mahrajganj
Uttar Pradesh,Mahrajganj (Raebareli)
Uttar Pradesh,Mahroni
Uttar Pradesh,Mahul
Uttar Pradesh,Mailani
Uttar Pradesh,Mainpuri
Uttar Pradesh,Majhupur
Uttar Pradesh,Makanpur
Uttar Pradesh,Malasa
Uttar Pradesh,Malihabad
Uttar Pradesh,Mandawar
Uttar Pradesh,Maniar
Uttar Pradesh,Manikpur
Uttar Pradesh,Manjhanpur
Uttar Pradesh,Mankapur
Uttar Pradesh,Marahra
Uttar Pradesh,Mariahu
Uttar Pradesh,Mataundh
Uttar Pradesh,Mathura
Uttar Pradesh,Mau
Uttar Pradesh,Mau Aima
Uttar Pradesh,Mau Aimma
Uttar Pradesh,Maudaha
Uttar Pradesh,Mauranwan
Uttar Pradesh,Maurawan
Uttar Pradesh,Mawana
Uttar Pradesh,Mawar
Uttar Pradesh,Meerut
Uttar Pradesh,Mehdawal
Uttar Pradesh,Mehnagar
Uttar Pradesh,Mehndawal
Uttar Pradesh,Milak
Uttar Pradesh,Milkipur
Uttar Pradesh,Miranpur
Uttar Pradesh,Miranpur Katra
Uttar Pradesh,Mirganj
Uttar Pradesh,Mirzapur
Uttar Pradesh,Misrikh
Uttar Pradesh,Mohan
Uttar Pradesh,Mohanpur
Uttar Pradesh,Moradabad
Uttar Pradesh,Moth
Uttar Pradesh,Mubarakpur
Uttar Pradesh,Mughal Sarai
Uttar Pradesh,Muhammadabad
Uttar Pradesh,Mukteshwar
Uttar Pradesh,Mungra Badshahpur
Uttar Pradesh,Munsyari
Uttar Pradesh,Muradabad
Uttar Pradesh,Muradnagar
Uttar Pradesh,Mursan
Uttar Pradesh,Musafir-Khana
Uttar Pradesh,Musafirkhana
Uttar Pradesh,Muzaffarnagar
Uttar Pradesh,Nadigaon
Uttar Pradesh,Nagina
Uttar Pradesh,Nagla
Uttar Pradesh,Nagram
Uttar Pradesh,Najibabad
Uttar Pradesh,Nakur
Uttar Pradesh,Nanauta
Uttar Pradesh,Nandgaon
Uttar Pradesh,Nanpara
Uttar Pradesh,Narauli
Uttar Pradesh,Naraura
Uttar Pradesh,Narora
Uttar Pradesh,Naugama
Uttar Pradesh,Naurangpur
Uttar Pradesh,Nautanwa
Uttar Pradesh,Nawabganj
Uttar Pradesh,Nawabganj (Barabanki)
Uttar Pradesh,Nawabganj (Bareilly)
Uttar Pradesh,Newara
Uttar Pradesh,Nichlaul
Uttar Pradesh,Nigoh
Uttar Pradesh,Nihtaur
Uttar Pradesh,Niwari
Uttar Pradesh,Nizamabad
Uttar Pradesh,Noida
Uttar Pradesh,Nurpur
Uttar Pradesh,Obra
Uttar Pradesh,Orai
Uttar Pradesh,Oran
Uttar Pradesh,Pachperwa
Uttar Pradesh,Padrauna
Uttar Pradesh,Pahasu
Uttar Pradesh,Paigaon
Uttar Pradesh,Pali
Uttar Pradesh,Palia Kalan
Uttar Pradesh,Paras Rampur
Uttar Pradesh,Parichha
Uttar Pradesh,Parichhatgarh
Uttar Pradesh,Parshadepur
Uttar Pradesh,Pathakpura
Uttar Pradesh,Patiali
Uttar Pradesh,Patti
Uttar Pradesh,Pawayan
Uttar Pradesh,Payagpur
Uttar Pradesh,Phalauda
Uttar Pradesh,Phaphamau
Uttar Pradesh,Phaphund
Uttar Pradesh,Phariha
Uttar Pradesh,Pheona
Uttar Pradesh,Phulpur
Uttar Pradesh,Pichhaura
Uttar Pradesh,Pihani
Uttar Pradesh,Pilibhit
Uttar Pradesh,Pilkhua
Uttar Pradesh,Pilkhuwa
Uttar Pradesh,Pinahat
Uttar Pradesh,Pipraich
Uttar Pradesh,Pipri
Uttar Pradesh,Pratapgarh
Uttar Pradesh,Prayagraj (Allahabad)
Uttar Pradesh,Pukhrayan
Uttar Pradesh,Puranpur
Uttar Pradesh,Purmafi
Uttar Pradesh,Purwa
Uttar Pradesh,Qadirganj
Uttar Pradesh,Rabupura
Uttar Pradesh,Radha Kund
Uttar Pradesh,Radhakund
Uttar Pradesh,Raebareli
Uttar Pradesh,Rajapur
Uttar Pradesh,Ramkola
Uttar Pradesh,Ramnagar
Uttar Pradesh,Rampur
Uttar Pradesh,Rampura
Uttar Pradesh,Ranipur
Uttar Pradesh,Ranipur Barsi
Uttar Pradesh,Rasra
Uttar Pradesh,Rasulabad
Uttar Pradesh,Rath
Uttar Pradesh,Raya
Uttar Pradesh,Rehar
Uttar Pradesh,Renukoot
Uttar Pradesh,Renukut
Uttar Pradesh,Reoti
Uttar Pradesh,Reotipur
Uttar Pradesh,Richha
Uttar Pradesh,Robertsganj
Uttar Pradesh,Rudarpur
Uttar Pradesh,Rudauli
Uttar Pradesh,Rura
Uttar Pradesh,Sabalpur
Uttar Pradesh,Sachendi
Uttar Pradesh,Sadabad
Uttar Pradesh,Sadat
Uttar Pradesh,Safipur
Uttar Pradesh,Saharanpur
Uttar Pradesh,Sahaspur
Uttar Pradesh,Sahaswan
Uttar Pradesh,Sahawar
Uttar Pradesh,Sahibabad
Uttar Pradesh,Sahpau
Uttar Pradesh,Saidpur
Uttar Pradesh,Sakhanu
Uttar Pradesh,Sakit
Uttar Pradesh,Salempur
Uttar Pradesh,Salon
Uttar Pradesh,Sambhal
Uttar Pradesh,Samthar
Uttar Pradesh,Sandi
Uttar Pradesh,Sandila
Uttar Pradesh,Sant Kabir Nagar
Uttar Pradesh,Sant Ravi Das Nagar
Uttar Pradesh,Sarai Akil
Uttar Pradesh,Sarai Ekdil
Uttar Pradesh,Sarai Mir
Uttar Pradesh,Sarauli
Uttar Pradesh,Sardhana
Uttar Pradesh,Sarila
Uttar Pradesh,Sarurpur
Uttar Pradesh,Sasni
Uttar Pradesh,Satrikh
Uttar Pradesh,Saurikh
Uttar Pradesh,Sector
Uttar Pradesh,Seohara
Uttar Pradesh,Shahabad
Uttar Pradesh,Shahganj
Uttar Pradesh,Shahi
Uttar Pradesh,Shahjahanpur
Uttar Pradesh,Shahpur
Uttar Pradesh,Shamli
Uttar Pradesh,Shamsabad
Uttar Pradesh,Shankargarh
Uttar Pradesh,Shergarh
Uttar Pradesh,Sherkot
Uttar Pradesh,Shibnagar
Uttar Pradesh,Shikarpur
Uttar Pradesh,Shikarpur (Bulandshahr)
Uttar Pradesh,Shikohabad
Uttar Pradesh,Shishgarh
Uttar Pradesh,Shivrajpur
Uttar Pradesh,Shrawasti
Uttar Pradesh,Siddharthnagar
Uttar Pradesh,Siddhaur
Uttar Pradesh,Sidhauli
Uttar Pradesh,Sidhpura
Uttar Pradesh,Sikandarabad
Uttar Pradesh,Sikandarpur
Uttar Pradesh,Sikandra
Uttar Pradesh,Sikandra Rao
Uttar Pradesh,Sikandrabad
Uttar Pradesh,Sirathu
Uttar Pradesh,Sirsa
Uttar Pradesh,Sirsaganj
Uttar Pradesh,Sirsi
Uttar Pradesh,Sisauli
Uttar Pradesh,Siswa Bazar
Uttar Pradesh,Sitapur
Uttar Pradesh,Sonbhadra
Uttar Pradesh,Soron
Uttar Pradesh,Suar
Uttar Pradesh,Sultanpur
Uttar Pradesh,Surianwan
Uttar Pradesh,Tajpur
Uttar Pradesh,Talbahat
Uttar Pradesh,Talgram
Uttar Pradesh,Tanda
Uttar Pradesh,Terha
Uttar Pradesh,Thakurdwara
Uttar Pradesh,Thana Bhawan
Uttar Pradesh,Tigri
Uttar Pradesh,Tikaitnagar
Uttar Pradesh,Tikri
Uttar Pradesh,Tilhar
Uttar Pradesh,Tilsahri
Uttar Pradesh,Tindwari
Uttar Pradesh,Titron
Uttar Pradesh,Tori Fatehpur
Uttar Pradesh,Tori-Fatehpur
Uttar Pradesh,Tulsipur
Uttar Pradesh,Tundla
Uttar Pradesh,Ugu
Uttar Pradesh,Ujhani
Uttar Pradesh,Umri
Uttar Pradesh,Un
Uttar Pradesh,Unnao
Uttar Pradesh,Usawan
Uttar Pradesh,Usehat
Uttar Pradesh,Uska
Uttar Pradesh,Utraula
Uttar Pradesh,Varanasi
Uttar Pradesh,Vindhyachal
Uttar Pradesh,Vrindavan
Uttar Pradesh,Walterganj
Uttar Pradesh,Wazirganj
Uttar Pradesh,Yusufpur
Uttar Pradesh,Zafarabad
Uttar Pradesh,Zaidpur
Uttar Pradesh,Zamania
Uttarakhand,Almora
Uttarakhand,Bageshwar
Uttarakhand,Barkot
Uttarakhand,Bazpur
Uttarakhand,Bhim Tal
Uttarakhand,Bhowali
Uttarakhand,Birbhaddar
Uttarakhand,Chakrata
Uttarakhand,Chamoli
Uttarakhand,Champawat
Uttarakhand,Clement Town
Uttarakhand,Dehradun
Uttarakhand,Devaprayag
Uttarakhand,Dharchula
Uttarakhand,Doiwala
Uttarakhand,Dugadda
Uttarakhand,Dwarahat
Uttarakhand,Garhwal
Uttarakhand,Haldwani
Uttarakhand,Harbatpur
Uttarakhand,Haridwar
Uttarakhand,Jaspur
Uttarakhand,Joshimath
Uttarakhand,Kaladhungi
Uttarakhand,Kalagarh Project Colony
Uttarakhand,Kashipur
Uttarakhand,Khatima
Uttarakhand,Kichha
Uttarakhand,Kotdwara
Uttarakhand,Laksar
Uttarakhand,Lansdowne
Uttarakhand,Lohaghat
Uttarakhand,Manglaur
Uttarakhand,Mussoorie
Uttarakhand,Naini Tal
Uttarakhand,Narendranagar
Uttarakhand,Pauri
Uttarakhand,Pipalkoti
Uttarakhand,Pithoragarh
Uttarakhand,Raipur
Uttarakhand,Raiwala Bara
Uttarakhand,Ramnagar
Uttarakhand,Ranikhet
Uttarakhand,Rishikesh
Uttarakhand,Roorkee
Uttarakhand,Rudraprayag
Uttarakhand,Sitarganj
Uttarakhand,Srinagar
Uttarakhand,Sultanpur
Uttarakhand,Tanakpur
Uttarakhand,Tehri
Uttarakhand,Tehri-Garhwal
Uttarakhand,Udham Singh Nagar
Uttarakhand,Uttarkashi
Uttarakhand,Vikasnagar
West Bengal,Ahmedpur
West Bengal,Aistala
West Bengal,Aknapur
West Bengal,Alipurduar
West Bengal,Amlagora
West Bengal,Amta
West Bengal,Amtala
West Bengal,Andal
West Bengal,Arambagh community development block
West Bengal,Asansol
West Bengal,Ashoknagar Kalyangarh
West Bengal,Badkulla
West Bengal,Baduria
West Bengal,Bagdogra
West Bengal,Bagnan
West Bengal,Bagula
West Bengal,Bahula
West Bengal,Baidyabati
West Bengal,Bakreswar
West Bengal,Balarampur
West Bengal,Bali Chak
West Bengal,Bally
West Bengal,Balurghat
West Bengal,Bamangola community development block
West Bengal,Baneswar
West Bengal,Bangaon
West Bengal,Bankra
West Bengal,Bankura
West Bengal,Bansberia
West Bengal,Bansihari community development block
West Bengal,Barabazar
West Bengal,Baranagar
West Bengal,Barasat
West Bengal,Bardhaman
West Bengal,Barjora
West Bengal,Barrackpore
West Bengal,Baruipur
West Bengal,Basanti
West Bengal,Basirhat
West Bengal,Bawali
West Bengal,Begampur
West Bengal,Belda
West Bengal,Beldanga
West Bengal,Beliatore
West Bengal,Berhampore
West Bengal,Bhadreswar
West Bengal,Bhandardaha
West Bengal,Bhatpara
West Bengal,Birbhum district
West Bengal,Birpara
West Bengal,Bishnupur
West Bengal,Bolpur
West Bengal,Budge Budge
West Bengal,Canning
West Bengal,Chakapara
West Bengal,Chakdaha
West Bengal,Champadanga
West Bengal,Champahati
West Bengal,Champdani
West Bengal,Chandannagar
West Bengal,Chandrakona
West Bengal,Chittaranjan
West Bengal,Churulia
West Bengal,Contai
West Bengal,Cooch Behar
West Bengal,Cossimbazar
West Bengal,Dakshin Dinajpur district
West Bengal,Dalkola
West Bengal,Dam Dam
West Bengal,Darjeeling
West Bengal,Daulatpur
West Bengal,Debagram
West Bengal,Debipur
West Bengal,Dhaniakhali community development block
West Bengal,Dhulagari
West Bengal,Dhulian
West Bengal,Dhupguri
West Bengal,Diamond Harbour
West Bengal,Digha
West Bengal,Dinhata
West Bengal,Domjur
West Bengal,Dubrajpur
West Bengal,Durgapur
West Bengal,Egra
West Bengal,Falakata
West Bengal,Farakka
West Bengal,Fort Gloster
West Bengal,Gaighata community development block
West Bengal,Gairkata
West Bengal,Gangadharpur
West Bengal,Gangarampur
West Bengal,Garui
West Bengal,Garulia
West Bengal,Ghatal
West Bengal,Giria
West Bengal,Gobardanga
West Bengal,Gobindapur
West Bengal,Gopalpur
West Bengal,Gopinathpur
West Bengal,Gorubathan
West Bengal,Gosaba
West Bengal,Gosanimari
West Bengal,Gurdaha
West Bengal,Guskhara
West Bengal,Habra
West Bengal,Haldia
West Bengal,Haldibari
West Bengal,Halisahar
West Bengal,Harindanga
West Bengal,Haringhata
West Bengal,Haripur
West Bengal,Hasimara
West Bengal,Hindusthan Cables Town
West Bengal,Hooghly district
West Bengal,Howrah
West Bengal,Ichapur
West Bengal,Indpur community development block
West Bengal,Ingraj Bazar
West Bengal,Islampur
West Bengal,Jafarpur
West Bengal,Jaigaon
West Bengal,Jalpaiguri
West Bengal,Jamuria
West Bengal,Jangipur
West Bengal,Jaynagar Majilpur
West Bengal,Jejur
West Bengal,Jhalida
West Bengal,Jhargram
West Bengal,Jhilimili
West Bengal,Kakdwip
West Bengal,Kalaikunda
West Bengal,Kaliaganj
West Bengal,Kalimpong
West Bengal,Kalna
West Bengal,Kalyani
West Bengal,Kamarhati
West Bengal,Kamarpukur
West Bengal,Kanchrapara
West Bengal,Kandi
West Bengal,Karimpur
West Bengal,Katwa
West Bengal,Kenda
West Bengal,Keshabpur
West Bengal,Kharagpur
West Bengal,Kharar
West Bengal,Kharba
West Bengal,Khardaha
West Bengal,Khatra
West Bengal,Kirnahar
West Bengal,Kolkata
West Bengal,Konnagar
West Bengal,Krishnanagar
West Bengal,Krishnapur
West Bengal,Kshirpai
West Bengal,Kulpi
West Bengal,Kultali
West Bengal,Kulti
West Bengal,Kurseong
West Bengal,Lalgarh
West Bengal,Lalgola
West Bengal,Loyabad
West Bengal,Madanpur
West Bengal,Madhyamgram
West Bengal,Mahiari
West Bengal,Mahishadal community development block
West Bengal,Mainaguri
West Bengal,Manikpara
West Bengal,Masila
West Bengal,Mathabhanga
West Bengal,Matiali community development block
West Bengal,Matigara community development block
West Bengal,Medinipur
West Bengal,Mejia community development block
West Bengal,Memari
West Bengal,Mirik
West Bengal,Mohanpur community development block
West Bengal,Monoharpur
West Bengal,Muragacha
West Bengal,Muri
West Bengal,Murshidabad
West Bengal,Nabadwip
West Bengal,Nabagram
West Bengal,Nadia district
West Bengal,Nagarukhra
West Bengal,Nagrakata
West Bengal,Naihati
West Bengal,Naksalbari
West Bengal,Nalhati
West Bengal,Nalpur
West Bengal,Namkhana community development block
West Bengal,Nandigram
West Bengal,Nangi
West Bengal,Nayagram community development block
West Bengal,North 24 Parganas district
West Bengal,Odlabari
West Bengal,Paikpara
West Bengal,Panagarh
West Bengal,Panchla
West Bengal,Panchmura
West Bengal,Pandua
West Bengal,Panihati
West Bengal,Panskura
West Bengal,Parbatipur
West Bengal,Paschim Medinipur district
West Bengal,Patiram
West Bengal,Patrasaer
West Bengal,Patuli
West Bengal,Pujali
West Bengal,Puncha community development block
West Bengal,Purba Medinipur district
West Bengal,Purulia
West Bengal,Raghudebbati
West Bengal,Raghunathpur
West Bengal,Raiganj
West Bengal,Rajmahal
West Bengal,Rajnagar community development block
West Bengal,Ramchandrapur
West Bengal,Ramjibanpur
West Bengal,Ramnagar
West Bengal,Rampur Hat
West Bengal,Ranaghat
West Bengal,Raniganj
West Bengal,Raypur
West Bengal,Rishra
West Bengal,Sahapur
West Bengal,Sainthia
West Bengal,Salanpur community development block
West Bengal,Sankarpur
West Bengal,Sankrail
West Bengal,Santipur
West Bengal,Santoshpur
West Bengal,Santuri community development block
West Bengal,Sarenga
West Bengal,Serampore
West Bengal,Serpur
West Bengal,"Shyamnagar, West Bengal"
West Bengal,Siliguri
West Bengal,Singur
West Bengal,Sodpur
West Bengal,Solap
West Bengal,Sonada
West Bengal,Sonamukhi
West Bengal,Sonarpur community development block
West Bengal,South 24 Parganas district
West Bengal,Srikhanda
West Bengal,Srirampur
West Bengal,Suri
West Bengal,Swarupnagar community development block
West Bengal,Takdah
West Bengal,Taki
West Bengal,Tamluk
West Bengal,Tarakeswar
West Bengal,Titagarh
West Bengal,Tufanganj
West Bengal,Tulin
West Bengal,Uchalan
West Bengal,Ula
West Bengal,Uluberia
West Bengal,Uttar Dinajpur district
West Bengal,Uttarpara Kotrung
